cotes,issue,tranche,n,ROI,erreur_type
PSC,H,"(1.0, 1.5]",9926,0.0031412452145879424,0.0056968877819008395
PSC,H,"(1.5, 2.0]",24915,-0.027478627332931972,0.005581145515664735
PSC,H,"(2.0, 3.0]",43074,-0.033023169429354134,0.005717326989096951
PSC,H,"(3.0, 5.0]",17580,-0.049312855517633675,0.012072013199348862
PSC,H,"(5.0, 10.0]",4902,-0.05452876376988983,0.03291725382020399
PSC,H,"(10.0, 1000.0]",1072,-0.1802238805970149,0.09915293804434196
PSC,D,"(1.5, 2.0]",2,-0.21499999999999997,0.5550788232314398
PSC,D,"(2.0, 3.0]",4493,0.0005119074115290603,0.02059576983875571
PSC,D,"(3.0, 5.0]",88280,-0.02654519710013593,0.005397515838024997
PSC,D,"(5.0, 10.0]",8037,-0.12648873957944506,0.024480500876642778
PSC,D,"(10.0, 1000.0]",657,-0.15120243531202437,0.12289889233466489
PSC,A,"(1.0, 1.5]",2853,-0.006081317910970912,0.01120003420314303
PSC,A,"(1.5, 2.0]",7616,-0.0089311974789916,0.01009987091279675
PSC,A,"(2.0, 3.0]",27350,-0.01393053016453382,0.007477042508787235
PSC,A,"(3.0, 5.0]",41314,-0.05839328072808249,0.008084494473974127
PSC,A,"(5.0, 10.0]",17552,-0.05791647675478578,0.017270515170746483
PSC,A,"(10.0, 1000.0]",4784,-0.28538252508361206,0.0472322782416767
PS,H,"(1.0, 1.5]",9575,-0.0030245430809399555,0.005861597414564842
PS,H,"(1.5, 2.0]",25254,-0.025278371743090205,0.005545567000853595
PS,H,"(2.0, 3.0]",44678,-0.044716549532208244,0.005594672559530218
PS,H,"(3.0, 5.0]",16869,-0.029799039658545263,0.012413451304663401
PS,H,"(5.0, 10.0]",4573,-0.07691012464465338,0.034072288089611484
PS,H,"(10.0, 1000.0]",925,-0.14654054054054055,0.10579380432717103
PS,D,"(1.5, 2.0]",1,0.97,0.0
PS,D,"(2.0, 3.0]",3344,-0.022864832535885147,0.023811918111371174
PS,D,"(3.0, 5.0]",90519,-0.028714855444713264,0.005322805525784326
PS,D,"(5.0, 10.0]",7525,-0.1339986710963455,0.024953421618962184
PS,D,"(10.0, 1000.0]",485,-0.19142268041237112,0.1402620009936253
PS,A,"(1.0, 1.5]",2682,0.004618941088739742,0.011550069475398266
PS,A,"(1.5, 2.0]",7544,-0.015301696712619302,0.010163722211994852
PS,A,"(2.0, 3.0]",28300,-0.018118056537102474,0.00735747971952781
PS,A,"(3.0, 5.0]",42130,-0.06309185853311179,0.007968637455868453
PS,A,"(5.0, 10.0]",16757,-0.06555767738855404,0.01757308090347529
PS,A,"(10.0, 1000.0]",4461,-0.21984308451019952,0.04970547561400411
Avg,H,"(1.0, 1.5]",11257,-0.012560184773918457,0.0054295460015944584
Avg,H,"(1.5, 2.0]",28845,-0.04176079043161727,0.00520042891649048
Avg,H,"(2.0, 3.0]",48059,-0.07145487837865956,0.005340547947620602
Avg,H,"(3.0, 5.0]",15731,-0.08990973237556417,0.012572578131920378
Avg,H,"(5.0, 10.0]",4405,-0.12998410896708287,0.03368418013867198
Avg,H,"(10.0, 1000.0]",801,-0.19192259675405743,0.10894953796284737
Avg,D,"(1.0, 1.5]",2,-0.365,0.44901280605345767
Avg,D,"(1.5, 2.0]",18,0.21833333333333335,0.18084549370275332
Avg,D,"(2.0, 3.0]",5279,-0.007376397044894854,0.019040924825261936
Avg,D,"(3.0, 5.0]",96640,-0.06699286009933775,0.004988827261237285
Avg,D,"(5.0, 10.0]",6819,-0.19203842205601995,0.025483308756709722
Avg,D,"(10.0, 1000.0]",340,-0.30726470588235294,0.1511846231544173
Avg,A,"(1.0, 1.5]",3170,-0.01858044164037856,0.01071049607570445
Avg,A,"(1.5, 2.0]",8768,-0.038333713503649634,0.009459575303873376
Avg,A,"(2.0, 3.0]",34349,-0.055930594777140526,0.006621730149982364
Avg,A,"(3.0, 5.0]",43718,-0.11230637266114643,0.007631113572657691
Avg,A,"(5.0, 10.0]",15043,-0.15297613507943897,0.01778636892206059
Avg,A,"(10.0, 1000.0]",4050,-0.3655185185185185,0.04688130089045733
Max,H,"(1.0, 1.5]",9521,0.025339775233693934,0.005792540119814641
Max,H,"(1.5, 2.0]",25975,-0.0031695861405197268,0.005493319128101792
Max,H,"(2.0, 3.0]",48777,-0.02744367222256392,0.0053984904746547865
Max,H,"(3.0, 5.0]",18559,-0.015127970257018161,0.011960935077499384
Max,H,"(5.0, 10.0]",5044,-0.008973037272006342,0.0337532659894901
Max,H,"(10.0, 1000.0]",1222,-0.06688216039279868,0.10033155403523593
Max,D,"(1.0, 1.5]",1,0.42999999999999994,0.0
Max,D,"(1.5, 2.0]",13,0.21923076923076923,0.22793765767235916
Max,D,"(2.0, 3.0]",1101,0.046058128973660316,0.042398922328217674
Max,D,"(3.0, 5.0]",98655,-0.007162333384015003,0.005189867184876283
Max,D,"(5.0, 10.0]",8678,-0.10145770914957364,0.023907374429297783
Max,D,"(10.0, 1000.0]",650,-0.053292307692307694,0.13272047910058957
Max,A,"(1.0, 1.5]",2651,0.011263674085250844,0.011688511197489947
Max,A,"(1.5, 2.0]",7755,0.005290780141843974,0.01005457447006148
Max,A,"(2.0, 3.0]",29727,-0.001117502607057559,0.007235807327794668
Max,A,"(3.0, 5.0]",45279,-0.040800371032929175,0.0077970719621985275
Max,A,"(5.0, 10.0]",18338,-0.027423383138837385,0.017258468904450514
Max,A,"(10.0, 1000.0]",5348,-0.18993455497382197,0.04917635207553732
B365,H,"(1.0, 1.5]",11787,-0.01546025282090439,0.005367315882178039
B365,H,"(1.5, 2.0]",30630,-0.04853738165197518,0.005093520290112678
B365,H,"(2.0, 3.0]",45518,-0.07164726042444748,0.00553263730335777
B365,H,"(3.0, 5.0]",15847,-0.07204328895059002,0.01277949960671793
B365,H,"(5.0, 10.0]",4464,-0.06944444444444445,0.03519091423090082
B365,H,"(10.0, 1000.0]",713,-0.23983169705469845,0.11717577440014
B365,D,"(1.0, 1.5]",6,0.215,0.22402566817219854
B365,D,"(1.5, 2.0]",14,0.12285714285714285,0.2259366638978598
B365,D,"(2.0, 3.0]",6518,0.0007701749002761588,0.017314309735301785
B365,D,"(3.0, 5.0]",95852,-0.05641530693151942,0.005086458091624322
B365,D,"(5.0, 10.0]",6297,-0.16913609655391457,0.027351760955860244
B365,D,"(10.0, 1000.0]",282,-0.1453900709219858,0.18565579070081797
B365,A,"(1.0, 1.5]",3388,-0.019356552538370726,0.010437532018959085
B365,A,"(1.5, 2.0]",9340,-0.04290364025695931,0.009260174000680103
B365,A,"(2.0, 3.0]",33305,-0.054662062753340346,0.006779198315118247
B365,A,"(3.0, 5.0]",43499,-0.0869215384261707,0.007850355179247608
B365,A,"(5.0, 10.0]",15674,-0.12137297435243079,0.018081444224546096
B365,A,"(10.0, 1000.0]",3763,-0.3582248206218443,0.049704419700225204
BW,H,"(1.0, 1.5]",11142,-0.010319511757314673,0.0055032368532534565
BW,H,"(1.5, 2.0]",30405,-0.04916757112317052,0.005115722921074701
BW,H,"(2.0, 3.0]",45431,-0.08321586581849398,0.00551629112731512
BW,H,"(3.0, 5.0]",13762,-0.09966065978782153,0.013585621204578418
BW,H,"(5.0, 10.0]",3888,-0.13842592592592592,0.036208122206836724
BW,H,"(10.0, 1000.0]",621,-0.24879227053140096,0.11941601206889008
BW,D,"(1.0, 1.5]",2,0.25,0.0
BW,D,"(1.5, 2.0]",14,0.16571428571428573,0.23503954136661961
BW,D,"(2.0, 3.0]",8558,-0.025918438887590545,0.01496997443581323
BW,D,"(3.0, 5.0]",90493,-0.07371045274220105,0.005152539660113417
BW,D,"(5.0, 10.0]",5902,-0.18771602846492716,0.027767419578517125
BW,D,"(10.0, 1000.0]",280,-0.2125,0.18214657734296053
BW,A,"(1.0, 1.5]",3133,-0.02442068305138845,0.010900123670669096
BW,A,"(1.5, 2.0]",9159,-0.045715689485751713,0.009350226721425126
BW,A,"(2.0, 3.0]",35172,-0.06877516206073013,0.006585705869742091
BW,A,"(3.0, 5.0]",41225,-0.12266318981200727,0.007924200072309833
BW,A,"(5.0, 10.0]",13115,-0.17835684330918797,0.019054353588227397
BW,A,"(10.0, 1000.0]",3445,-0.39158200290275763,0.04959661546375774
