cote_jouée,EV>,période,n,ROI,IC_bas,IC_haut,p_ROI_le0
MaxC,0.0,2012-2018,25777,0.02966830895759786,0.010884693719207045,0.04864006672615122,0.0
MaxC,0.0,2019-2026,23995,0.03548864346738904,0.017260762658887267,0.05266738903938321,0.0
MaxC,0.02,2012-2018,17640,0.039601473922902496,0.015590306122448978,0.06518659297052155,0.0
MaxC,0.02,2019-2026,13311,0.05754113139508678,0.030779130042821727,0.08556757568927954,0.0
MaxC,0.05,2012-2018,8648,0.05812326549491212,0.020039777983348758,0.09736488205365401,0.001
MaxC,0.05,2019-2026,5286,0.08563185773741959,0.039192915247824436,0.13179800416193718,0.0
B365C,0.0,2012-2018,0,,,,
B365C,0.0,2019-2026,595,0.09887394957983194,-0.04964957983193277,0.25233697478991585,0.109
B365C,0.02,2012-2018,0,,,,
B365C,0.02,2019-2026,345,0.04997101449275363,-0.13812318840579713,0.23032318840579705,0.31
B365C,0.05,2012-2018,0,,,,
B365C,0.05,2019-2026,177,0.033163841807909586,-0.22909745762711864,0.3162485875706214,0.41
AvgC,0.0,2012-2018,902,-0.03503325942350333,-0.11649307095343679,0.04981845898004435,0.806
AvgC,0.0,2019-2026,659,0.03781487101669195,-0.06537708649468892,0.1441316388467374,0.264
AvgC,0.02,2012-2018,202,0.07222772277227724,-0.12363490099009902,0.2753044554455445,0.25
AvgC,0.02,2019-2026,265,0.06747169811320752,-0.10555754716981133,0.26961226415094336,0.23
AvgC,0.05,2012-2018,37,0.00324324324324327,-0.5389391891891891,0.6105945945945945,0.522
AvgC,0.05,2019-2026,121,-0.09958677685950414,-0.3414070247933884,0.16054338842975185,0.781
