season,n,mise,profit,ROI
2012,1274,1274.0,42.39999999999999,0.03328100470957613
2013,1488,1488.0,96.21,0.06465725806451612
2014,1784,1784.0,176.5,0.09893497757847533
2015,1559,1559.0,57.92,0.03715202052597819
2016,1842,1842.0,-85.63000000000001,-0.04648751357220413
2017,1382,1382.0,37.59,0.027199710564399425
2018,1249,1249.0,91.21,0.07302642113690952
2019,1088,1088.0,162.31,0.14918198529411764
2020,1101,1101.0,-76.25,-0.06925522252497729
2021,1190,1190.0,-11.550000000000002,-0.009705882352941179
2022,881,881.0,10.729999999999993,0.012179341657207712
2023,671,671.0,-12.290000000000003,-0.018315946348733236
2024,649,649.0,-59.52,-0.09171032357473036
2025,504,504.0,-91.91,-0.1823611111111111
2026,84,84.0,-10.0,-0.11904761904761904
