league,n,ROI,IC_bas,IC_haut,p(ROI<=0),cote_moy,réussite,CLV
SC2,128,0.18742187500000002,-0.0643828125,0.42596679687499994,0.08,2.896640625,0.4296875,0.029133591813396614
E2,357,0.15977591036414562,0.010391456582633048,0.3067002801120448,0.012,2.8856302521008406,0.41456582633053224,0.014890110602540498
I2,647,0.11100463678516227,-0.005255023183925812,0.22266653786707882,0.03,3.11548686244204,0.35857805255023184,0.020870375752783197
EC,493,0.10799188640973632,-0.017246957403651113,0.24343204868154159,0.04,2.970750507099391,0.3772819472616633,-0.005105217871221911
I1,397,0.08886649874055416,-0.047507556675062984,0.22350944584382873,0.101,2.7214105793450885,0.43073047858942065,0.03426219944663688
P1,268,0.08470149253731343,-0.10272854477611941,0.26463339552238807,0.179,3.109888059701493,0.3619402985074627,0.0002541875138586893
SP2,641,0.07797191887675506,-0.034465678627145106,0.1926185647425897,0.094,3.0786115444617783,0.35257410296411856,0.010182924016229186
E1,484,0.07679752066115701,-0.0401327479338843,0.1995010330578512,0.114,2.8085537190082643,0.40082644628099173,0.012003411623383265
G1,256,0.07226562500000001,-0.11438769531249997,0.2681992187499999,0.232,3.1530859375,0.33984375,0.01588407688618369
SC1,90,0.06033333333333332,-0.22573333333333334,0.3653972222222221,0.354,3.0248888888888885,0.35555555555555557,0.01639456477255003
E3,426,0.05652582159624412,-0.08446185446009387,0.19916901408450705,0.2,3.0403286384976522,0.3591549295774648,0.0051643254785999
T1,259,0.034169884169884174,-0.1382972972972973,0.2083137065637065,0.35,3.0590347490347494,0.3667953667953668,0.010481011446148695
D1,229,0.03279475982532753,-0.14028711790393011,0.2089606986899563,0.358,2.73938864628821,0.4017467248908297,0.026267975223093626
F1,341,0.0244574780058651,-0.11994868035190617,0.1809318181818181,0.39,2.933225806451613,0.36363636363636365,0.01680191558886781
D2,275,0.02098181818181819,-0.13557818181818182,0.18040727272727267,0.406,2.978872727272727,0.3490909090909091,0.01747154385372192
E0,389,0.017249357326478174,-0.10656169665809768,0.13829113110539842,0.417,2.613547557840617,0.41645244215938304,0.023410528514393462
F2,470,0.015914893617021284,-0.11053829787234042,0.14883085106382976,0.416,3.095510638297872,0.33404255319148934,0.01714833708409659
SC3,217,0.014792626728110603,-0.15161175115207373,0.2032799539170506,0.43,2.8821658986175116,0.35944700460829493,0.03054672296135237
B1,109,-0.0456880733944954,-0.3141009174311926,0.25667201834862374,0.618,3.141192660550458,0.30275229357798167,-0.0041657211811348
SC0,128,-0.060078125,-0.286119140625,0.17055859375,0.692,2.91515625,0.34375,0.017099272260263528
SP1,393,-0.08262086513994912,-0.22271183206106873,0.04676463104325697,0.898,2.8216539440203565,0.3486005089058524,0.024429979790367148
N1,110,-0.1750909090909091,-0.3883999999999999,0.06806136363636357,0.926,2.765727272727273,0.32727272727272727,0.020598716788651977
