modèle,période,n,RPS,log-loss,Brier,accuracy
Elo (logit ordonné),dev 2012-2019,52177,0.20960039545537046,1.0216241348632678,0.612726473485489,0.48621039921804626
Pi-ratings,dev 2012-2019,52177,0.21021778066559718,1.0234429948164543,0.6140627190491874,0.4852329570500412
Dixon-Coles,dev 2012-2019,52177,0.2097551221956877,1.021762645892788,0.6128646233339927,0.4850413017229814
LightGBM (sans cotes),dev 2012-2019,52177,0.2086390976450668,1.0184653249906146,0.6105324986251004,0.48760948310558294
LightGBM hybride (+cotes moy.),dev 2012-2019,52177,0.20524180162933048,1.0077936506911673,0.6031651353379401,0.49801636736493093
Marché : moyenne bookmakers (ouverture),dev 2012-2019,52177,0.2047429082842774,1.0058634606704941,0.6020247597864883,0.49701975966421985
Marché : Pinnacle ouverture,dev 2012-2019,52177,0.20466219712015357,1.005425181615248,0.6017817574434499,0.4978247120378711
Marché : Pinnacle clôture,dev 2012-2019,52177,0.20382773653643865,1.0027420649228462,0.6000364265604129,0.49933878912164364
Elo (logit ordonné),test 2019-2026,48394,0.20932260452150447,1.0187491325150655,0.6105826775407667,0.4889449105260983
Pi-ratings,test 2019-2026,48394,0.20980240307669765,1.02027181488909,0.6116392764834889,0.48619663594660495
Dixon-Coles,test 2019-2026,48394,0.2098506946005364,1.0205849886053568,0.6116407409551902,0.4868578749431748
LightGBM (sans cotes),test 2019-2026,48394,0.20764401826645582,1.0137345818474812,0.6070807464023819,0.4926023887258751
LightGBM hybride (+cotes moy.),test 2019-2026,48394,0.2042590719037855,1.0030206499507295,0.5997155921180638,0.50235566392528
Marché : moyenne bookmakers (ouverture),test 2019-2026,48394,0.2040991252043795,1.002094924984851,0.5992214811838895,0.5027689382981362
Marché : Pinnacle ouverture,test 2019-2026,48394,0.2040562183211991,1.0019533064245347,0.5991141794446079,0.5023143364879944
Marché : Pinnacle clôture,test 2019-2026,48394,0.20298610132934514,0.9984384989198705,0.5967371775721054,0.5057445137827004
