league,n,dc,gbm,mk_avg,mk_ps,mk_psc,marge_moy_ouverture
G1,2937,0.18937415384011724,0.188157382461232,0.18374662171056538,0.1836766104899097,0.1810955309422323,0.07841412302464401
P1,3964,0.18794480096722843,0.1854189575630874,0.1830669988279581,0.18310992061942366,0.1824129892061162,0.06631798988439268
I1,5127,0.1946934429422823,0.1932442137247292,0.1891519607417231,0.18904420154556206,0.18819778684433577,0.051733943789752206
N1,3994,0.19606218199801093,0.19445885076904862,0.19104172758218244,0.19096467574993695,0.1894152406863336,0.06384829264203702
SP1,5121,0.19524627204262235,0.1945564765906558,0.1910296755355172,0.19104299236026107,0.19008376028883345,0.05034580680927959
E0,5150,0.19864960903305284,0.19739623907004955,0.1938941762224372,0.19388788067063728,0.19293984794218244,0.046026069978984376
SC0,2939,0.19934961166689721,0.1973489454096846,0.19492849570161774,0.19482996918265785,0.19390948471565891,0.06638772989528866
T1,4382,0.20736709984846063,0.20501062085379818,,0.19995784139523093,0.19858972696497415,0.06834199395757476
F1,4835,0.20509599183650093,0.2041171044992197,0.20008569398031292,0.20004412218191733,0.1994573670896712,0.054935577046611526
D1,4126,0.20403899746674792,0.2024432042191308,0.19969544115015578,0.19973597382101327,0.19951173566414518,0.050294240063984634
B1,3527,0.20843883908748442,0.20698127147579987,0.20267035228466718,0.20272301035452664,0.20149077081084515,0.06870590324170193
I2,5334,0.21380052525119458,0.2119716277675494,,0.20731419920636357,0.20604999286529802,0.07421432505145556
SC1,2232,0.21483694964807545,0.21376585822227118,0.21038031194790144,0.21023036850673324,0.20805378496233404,0.08457374770285443
SP2,6138,0.21520399194888798,0.21365664795125014,0.20904920057303789,0.2088281763462017,0.20806040910605608,0.0749692834874354
F2,4845,0.21715652183205272,0.21520526922679772,,0.21092961528115642,0.21004383041848373,0.07317574139250252
SC2,1521,0.2184012127133488,0.21580400424615645,0.2128409085170517,0.21286832327701485,0.21193215709069158,0.08884490024181045
EC,7031,0.22101882069244433,0.21964204956488326,0.21399339892798952,0.214030081927288,0.21334425254223272,0.08403124267730594
E2,7158,0.21930779015151694,0.21716635036938337,0.21446039729264046,0.21435253897086093,0.21335299187980486,0.0679111782659342
E1,7431,0.21860147908143565,0.2176356608245189,0.2141451177014469,0.2140385660549415,0.21352684128067287,0.058252627167025714
SC3,1528,0.22363612792519008,0.22226336204685784,0.2163372517792112,0.2163312176818793,0.21581378906259815,0.09032138854826184
D2,4059,0.22217404776596317,0.21968525497297595,0.2171513624209541,0.21710575681675864,0.21661250613222494,0.06787272106126997
E3,7205,0.22446778176833834,0.2223103120974537,0.21966662099559509,0.2197025964397278,0.21869249677168118,0.06957332693472054
