famille,prob,book,min_ev,max_odds,dev_n,dev_ROI,dev_IC_bas,dev_IC_haut,dev_p(ROI<=0),dev_cote_moy,dev_réussite,dev_CLV,test_n,test_ROI,test_IC_bas,test_IC_haut,test_p(ROI<=0),test_cote_moy,test_réussite,test_CLV
modèle,dc,Avg,0.02,3.5,4971,-0.08462080064373366,-0.11700648762824381,-0.05255894186280427,1.0,2.5827640313820157,0.3771876885938443,-0.06072527966467548,4650,-0.09750752688172043,-0.134345,-0.06100290322580645,1.0,2.5765397849462364,0.37311827956989246,-0.06409493319810164
modèle,dc,Avg,0.02,10.0,8247,-0.06714320358918395,-0.10090896689705348,-0.03256735782708865,1.0,3.674867224445253,0.30483812295380136,-0.09165481811591882,8017,-0.11815641761257328,-0.15035577522764126,-0.08273334788574281,1.0,3.669202943744543,0.2917550205812648,-0.09392573910927311
modèle,dc,Avg,0.05,3.5,3662,-0.08107045330420536,-0.12197651556526487,-0.03936667121791372,1.0,2.620354997269251,0.3694702348443474,-0.062340392501914046,3523,-0.100999148453023,-0.14036353959693443,-0.062250070962248084,1.0,2.617130286687482,0.3607720692591541,-0.06677266658202846
modèle,dc,Avg,0.05,10.0,6604,-0.058055723803755295,-0.09678581162931556,-0.019111144760751056,1.0,3.8374924288310113,0.29224712295578437,-0.09620826460948625,6530,-0.12729555895865238,-0.16407676110260333,-0.08814042879019908,1.0,3.8122817764165386,0.2753445635528331,-0.09860456862030646
modèle,dc,Avg,0.1,3.5,2097,-0.07421554601812112,-0.13088757749165472,-0.02013543156890799,0.996,2.6868669527897,0.36194563662374823,-0.06344877477464807,2183,-0.1160238204306001,-0.16747915712322495,-0.0621069628950985,1.0,2.6805038937242323,0.34264773247824093,-0.07221295343555191
modèle,dc,Avg,0.1,10.0,4466,-0.06027317510076131,-0.1074823107926556,-0.011553347514554405,0.995,4.1300738916256154,0.2711598746081505,-0.10302050833815592,4626,-0.1369736273238219,-0.1826098140942499,-0.08993250108084738,1.0,4.060516645049719,0.2533506268914829,-0.10559788224017527
modèle,dc,Max,0.02,3.5,6960,-0.015614942528735633,-0.04332194683908045,0.016489834770114935,0.829,2.613666666666667,0.4011494252873563,-0.0017348109518826624,5947,-0.046539431646208176,-0.07705313603497563,-0.014182613082226332,0.998,2.5839650243820413,0.3946527661005549,-0.018590942670053852
modèle,dc,Max,0.02,10.0,12004,0.0151691102965678,-0.016547442519160283,0.04756778990336553,0.164,3.8796617794068644,0.3136454515161613,-0.010283784268194507,10752,-0.04959635416666667,-0.08245889136904762,-0.01961170014880953,1.0,3.824584263392858,0.30282738095238093,-0.03317132732380917
modèle,dc,Max,0.05,3.5,5548,-0.00944844989185292,-0.042004461067051184,0.025556461788031722,0.701,2.6541222062004324,0.39419610670511895,-0.0011801406870575188,4683,-0.049677557121503305,-0.08622464232329702,-0.01460991885543457,0.999,2.632146060217809,0.3820200726030322,-0.01924772538759312
modèle,dc,Max,0.05,10.0,10521,0.022888508696891928,-0.010577511643379901,0.057858283433133734,0.094,4.002520672939835,0.30367835757057315,-0.01035926507281221,9207,-0.05949820788530467,-0.09675361138264364,-0.024443792766373422,1.0,3.954157706093189,0.287498642337352,-0.03516743208678953
modèle,dc,Max,0.1,3.5,3471,-0.023318928262748492,-0.0677556179775281,0.01923033707865168,0.855,2.7073984442523766,0.37654854508787095,-0.0008654526867923111,3009,-0.05492190096377535,-0.1006788800265869,-0.006805417082087079,0.985,2.6923695579926887,0.36689930209371885,-0.022105839280162014
modèle,dc,Max,0.1,10.0,7867,0.03646243803228677,-0.005653266810728365,0.07489392398627176,0.044,4.286003559171222,0.2825727723401551,-0.011335221860574896,6839,-0.06707705804942243,-0.1093246088609446,-0.027323548764439258,1.0,4.198757128235122,0.26582833747623924,-0.03900763541404094
modèle,dc,BW,0.02,3.5,4691,-0.08437433383073971,-0.11929130249413769,-0.04742299083351098,1.0,2.603849925389043,0.37454700490300574,-0.06290090989813812,4232,-0.10130434782608697,-0.13746461483931946,-0.06365424149338374,1.0,2.5684735349716448,0.3747637051039698,-0.06912459867022108
modèle,dc,BW,0.02,10.0,7659,-0.07420420420420419,-0.1065021543282413,-0.03999663794229012,1.0,3.668747878313095,0.3038255646951299,-0.0902785604230253,7065,-0.13555272469922153,-0.17012576079263977,-0.09870378627034679,1.0,3.6286383581033266,0.2924274593064402,-0.09666551699982716
modèle,dc,BW,0.05,3.5,3427,-0.08110884155237817,-0.12399985409979573,-0.041009629413481186,1.0,2.6430172162241026,0.3682521155529618,-0.062334337177831114,3190,-0.10207523510971787,-0.14420634796238244,-0.05634827586206897,1.0,2.6066959247648906,0.36489028213166147,-0.07200135291695012
modèle,dc,BW,0.05,10.0,6095,-0.08379983593109105,-0.1252901558654635,-0.041626743232157516,1.0,3.8425381460213286,0.28794093519278097,-0.09335293697383422,5698,-0.14192172692172692,-0.18362030537030533,-0.10174723587223591,1.0,3.769285714285714,0.2778167778167778,-0.10157990629431614
modèle,dc,BW,0.1,3.5,1956,-0.06732106339468304,-0.1252782464212679,-0.012069401840490787,0.987,2.695664621676891,0.36349693251533743,-0.06356155786368281,1898,-0.12110115911485776,-0.17849947312961006,-0.06093453635405691,1.0,2.6870337197049525,0.34193888303477343,-0.07764763275100935
modèle,dc,BW,0.1,10.0,4163,-0.0826255104491953,-0.13155134518376171,-0.030740811914484766,0.999,4.134722555849148,0.2683161181840019,-0.09946277762286958,3900,-0.1562230769230769,-0.20471858974358972,-0.10752166666666667,1.0,4.039664102564102,0.2517948717948718,-0.10990072729274225
modèle,dc,PS,0.02,3.5,5995,-0.036178482068390326,-0.0678856046705588,-0.0032462218515429764,0.984,2.632783486238532,0.38732276897414514,-0.021910961252767664,4645,-0.06277287405812701,-0.09905091496232508,-0.02591856835306781,0.999,2.5951754574811625,0.3851453175457481,-0.03695766505129982
modèle,dc,PS,0.02,10.0,10719,-0.018025002332307118,-0.049210385763597354,0.01256014087134993,0.871,3.8599351618621136,0.3024535870883478,-0.03328464346880092,8445,-0.08586027235050325,-0.1203440201302546,-0.05292531083481351,1.0,3.778732978093547,0.29366489046773236,-0.05715940755372978
modèle,dc,PS,0.05,3.5,4588,-0.042459241499564086,-0.08035331843940716,-0.003824760244115082,0.983,2.6611035309503053,0.37728857890148215,-0.022685094196883335,3608,-0.07626940133037695,-0.1126833425720621,-0.03632164634146342,1.0,2.6432039911308203,0.369179600886918,-0.03803724600798782
modèle,dc,PS,0.05,10.0,9064,-0.020315864960282433,-0.053786027140335396,0.01434535249338041,0.851,4.0115413724624895,0.2879523389232127,-0.034898199696302465,7082,-0.09346512284665348,-0.13161232702626374,-0.05725585992657442,1.0,3.918785653770121,0.2780288054221971,-0.05990703050999323
modèle,dc,PS,0.1,3.5,2871,-0.0355896900034831,-0.0811123301985371,0.013315081853012865,0.935,2.71941065830721,0.37025426680599094,-0.022918082912305154,2316,-0.07582901554404145,-0.13140328151986183,-0.020212327288428335,0.997,2.70722366148532,0.35621761658031087,-0.04063874071256638
modèle,dc,PS,0.1,10.0,6664,0.0019645858343337375,-0.039796537364945976,0.0454753451380552,0.458,4.2800370648259305,0.2737094837935174,-0.03671527364788064,5214,-0.09909666283084005,-0.14452493287303414,-0.05479051591868048,1.0,4.150703874184887,0.2585347142309168,-0.0645994403163673
modèle,elo,Avg,0.02,3.5,4123,-0.11811059907834101,-0.1549204462769828,-0.08245894979383944,1.0,2.5073174872665533,0.37181663837011886,-0.06943078157003135,4435,-0.10430214205186018,-0.14098506200676436,-0.07172406989853439,1.0,2.51015107102593,0.3774520856820744,-0.066537422737253
modèle,elo,Avg,0.02,10.0,7641,-0.1091336212537626,-0.14504017798717445,-0.0733903939274964,1.0,3.834160450202853,0.2825546394450988,-0.10076953136367234,7648,-0.11829497907949792,-0.1549032753661088,-0.08304014121338912,1.0,3.6531707635983266,0.2953713389121339,-0.09464925641377334
modèle,elo,Avg,0.05,3.5,3128,-0.13911445012787724,-0.1813869884910486,-0.09377805306905371,1.0,2.556294757033248,0.35485933503836314,-0.0713824010412583,3413,-0.10933782595956637,-0.15126508936419575,-0.06903413419279227,1.0,2.5666803398769416,0.36243773806035745,-0.06968604898573903
modèle,elo,Avg,0.05,10.0,6166,-0.11543788517677586,-0.15939251540707103,-0.07132658936101201,1.0,3.9951816412585144,0.2674343172234836,-0.1043046555880247,6154,-0.1352388690282743,-0.17682495125121872,-0.09481845141371464,1.0,3.793483912902177,0.2780305492362691,-0.09978174247098595
modèle,elo,Avg,0.1,3.5,1837,-0.12113228089275996,-0.18077068590092538,-0.06562860642351663,1.0,2.6436962438758846,0.3456722917800762,-0.0741673222316894,2124,-0.1066713747645951,-0.15566348870056496,-0.05276118173258004,1.0,2.6426129943502823,0.3498116760828625,-0.07446976106818476
modèle,elo,Avg,0.1,10.0,4225,-0.09027455621301775,-0.14371059171597633,-0.038486094674556215,1.0,4.314300591715976,0.2511242603550296,-0.111002737532083,4233,-0.15778880226789513,-0.20689983463264822,-0.10973913300259865,1.0,4.0276021733994805,0.25561067800614223,-0.10786792259528101
modèle,elo,Max,0.02,3.5,5888,-0.04255434782608696,-0.07355341372282609,-0.012456691576086963,0.998,2.518194633152174,0.40251358695652173,-0.007331739200597009,5572,-0.04510229720028715,-0.07664963208901653,-0.013041905958363248,0.998,2.510326633165829,0.4025484565685571,-0.02109394049343037
modèle,elo,Max,0.02,10.0,11932,-0.03688317130405632,-0.06641885266510225,-0.00582980640295007,0.991,4.0288979215554805,0.286959436808582,-0.01557824524864492,10492,-0.05278879146016012,-0.0832638915364087,-0.022444052611513537,1.0,3.8462952725886392,0.3006099885627144,-0.035172360648548805
modèle,elo,Max,0.05,3.5,4663,-0.05304096075487884,-0.0888161055114733,-0.0180395668024877,0.997,2.5736628779755524,0.3864464936736007,-0.009075250002909806,4466,-0.05789968652037617,-0.09411777877295119,-0.02093237796686073,0.999,2.567899686520376,0.38557993730407525,-0.02283728426257763
modèle,elo,Max,0.05,10.0,10457,-0.03210289758056804,-0.06425552261642918,0.005978507220043988,0.956,4.150126231232667,0.2771349335373434,-0.015988112249777472,8922,-0.061643129343196594,-0.09686236269894644,-0.02808944182918628,1.0,3.960721811253082,0.2871553463349025,-0.03688961138540817
modèle,elo,Max,0.1,3.5,3018,-0.0733764082173625,-0.11733805500331344,-0.03158416169648782,1.0,2.653648111332008,0.36381709741550694,-0.011068763974065709,2986,-0.06837240455458808,-0.11142782987273944,-0.0233910750167448,1.0,2.6569892833221704,0.36302746148693904,-0.02586595577331738
modèle,elo,Max,0.1,10.0,7594,-0.02161179878851725,-0.06549476560442455,0.02329167764024228,0.843,4.435963918883329,0.25915196207532265,-0.01667180229532198,6478,-0.07492744674282187,-0.11849895801173203,-0.03281309817845015,1.0,4.185050941648657,0.265050941648657,-0.04083782132626682
modèle,elo,BW,0.02,3.5,3946,-0.11942219969589458,-0.15726659908768373,-0.08281196147997973,1.0,2.5294500760263556,0.36872782564622403,-0.07223161928183947,3962,-0.1038339222614841,-0.14340919989904088,-0.06509565875820295,1.0,2.499805653710247,0.3801110550227158,-0.07409666206665332
modèle,elo,BW,0.02,10.0,7370,-0.1150529172320217,-0.1513343962008141,-0.07875770013568523,1.0,3.8175902306648575,0.2811397557666214,-0.09748092534518199,6714,-0.13157879058683347,-0.16625945784927015,-0.09273033958891867,1.0,3.6370420017873104,0.295055108728031,-0.09860696122670033
modèle,elo,BW,0.05,3.5,2871,-0.12035179380006968,-0.16780625217694184,-0.0725316091954023,1.0,2.5717136886102403,0.35876001393242773,-0.07303710021375089,3040,-0.1193782894736842,-0.1603153782894737,-0.0742170230263158,1.0,2.5476875,0.36282894736842103,-0.07554085815691484
modèle,elo,BW,0.05,10.0,5749,-0.11297790920160028,-0.15621290659245085,-0.07317590015654897,1.0,4.005566185423552,0.26735084362497824,-0.100995749964275,5348,-0.1438967838444278,-0.1837240089753179,-0.10137013836948393,1.0,3.764480179506358,0.2793567688855647,-0.10231334770137268
modèle,elo,BW,0.1,3.5,1645,-0.10811550151975684,-0.17174604863221887,-0.050052887537993924,0.999,2.663647416413374,0.34832826747720363,-0.07455526505995094,1869,-0.1395024077046549,-0.19874852862493314,-0.0876686730872124,1.0,2.628871054039594,0.33975387907972177,-0.07927898113883436
modèle,elo,BW,0.1,10.0,3848,-0.07575363825363825,-0.13018665540540542,-0.02087448024948026,0.998,4.3438513513513515,0.2538981288981289,-0.10642839814702602,3583,-0.16330170248395204,-0.2161074518559866,-0.10971322913759422,1.0,3.9988110521909013,0.25509349706949486,-0.10934554920297537
modèle,elo,PS,0.02,3.5,5034,-0.06305343663090983,-0.09647194080254272,-0.029175278108859774,1.0,2.5498800158919352,0.3857767183154549,-0.026848419306723742,4460,-0.06900896860986547,-0.10509921524663678,-0.03317012331838566,1.0,2.5317443946188343,0.38789237668161436,-0.039469145449822926
modèle,elo,PS,0.02,10.0,10786,-0.061659744112738724,-0.09322983033562024,-0.030577591322084183,1.0,3.995863526793993,0.2780456146857037,-0.037084293609490705,8341,-0.08592854573792111,-0.12127427766454861,-0.05028935379450906,1.0,3.7856887663349714,0.29313032010550294,-0.05773936890389639
modèle,elo,PS,0.05,3.5,3941,-0.07982897741689926,-0.11962871733062674,-0.04254989215935043,1.0,2.6023283430601367,0.3686881502156813,-0.028412745524052128,3530,-0.0764872521246459,-0.11775084985835693,-0.03635056657223796,1.0,2.5958923512747876,0.3713881019830028,-0.04064623512945088
modèle,elo,PS,0.05,10.0,9095,-0.06182913688840022,-0.09760240516767454,-0.02547224024189115,1.0,4.13365970313359,0.26663001649257834,-0.03857148576589004,6910,-0.08675397973950796,-0.12702134587554267,-0.047245224312590456,1.0,3.9057655571635315,0.28002894356005786,-0.06056162675127059
modèle,elo,PS,0.1,3.5,2552,-0.09311637931034483,-0.1434070239028213,-0.04681533111285272,0.999,2.6756289184952977,0.3518808777429467,-0.030418115142056078,2327,-0.08322303394929094,-0.12966061452513963,-0.03412322733132789,0.999,2.6773957885689725,0.3532445208422862,-0.04267875035108151
modèle,elo,PS,0.1,10.0,6497,-0.058202708942588895,-0.09949722949053409,-0.014218874095736495,0.994,4.41965122364168,0.24949976912421118,-0.04039330741703793,4967,-0.10135494262130058,-0.144387306221059,-0.05329534930541574,1.0,4.115043285685524,0.2597141131467687,-0.06527218933694036
modèle,pi,Avg,0.02,3.5,4230,-0.09162411347517731,-0.1270623522458629,-0.055374645390070955,1.0,2.5047304964539,0.3862884160756501,-0.06316543586568113,4426,-0.09461816538635336,-0.12784511974694981,-0.05790629236330774,1.0,2.553838680524175,0.37641211025756893,-0.06586579726928089
modèle,pi,Avg,0.02,10.0,8004,-0.09624937531234384,-0.13101121314342828,-0.05967225762118941,1.0,3.8108120939530234,0.289480259870065,-0.09592928065191807,8079,-0.10369476420349052,-0.1366191360316871,-0.06716920410941948,1.0,3.709668275776705,0.2917440277262037,-0.09623221725751045
modèle,pi,Avg,0.05,3.5,3183,-0.10289978008168396,-0.14566171850455545,-0.06058160540370721,1.0,2.562020106817468,0.37166195413132264,-0.06560615294707813,3457,-0.08560890945906856,-0.1291698727220133,-0.044178406132484825,1.0,2.6099218975990746,0.36910616141162855,-0.06800505995434605
modèle,pi,Avg,0.05,10.0,6503,-0.09607258188528373,-0.13929909272643398,-0.054280178379209634,1.0,3.987119790865754,0.2741811471628479,-0.10036797019297031,6650,-0.097203007518797,-0.13581090225563913,-0.05654428571428572,1.0,3.851532330827068,0.2819548872180451,-0.10063234389325919
modèle,pi,Avg,0.1,3.5,1859,-0.10133405056481981,-0.15937681549220012,-0.04476896180742337,1.0,2.6480849919311455,0.3555675094136633,-0.06988841175122977,2208,-0.08445652173913044,-0.1370281929347826,-0.028542798913043496,1.0,2.707572463768116,0.35054347826086957,-0.0728094587614245
modèle,pi,Avg,0.1,10.0,4547,-0.08338464921926544,-0.13519463382449967,-0.029530184737189363,0.999,4.329329228062458,0.25203430833516605,-0.10792335607851196,4812,-0.11238570241064008,-0.158916251039069,-0.06641895261845389,1.0,4.098129675810474,0.2574812967581047,-0.10827394698688604
modèle,pi,Max,0.02,3.5,5794,-0.030060407317915087,-0.06183120469451156,0.002453227476700035,0.961,2.515752502588885,0.4111149464963756,-0.002568761722868941,5463,-0.06127402526084569,-0.09470734944169869,-0.030255033864177192,1.0,2.5437451949478307,0.39392275306608093,-0.019855188459116737
modèle,pi,Max,0.02,10.0,12008,-0.021584776815456366,-0.054771339940039965,0.011188291139240494,0.907,4.002200199866755,0.2933877415056629,-0.011510091523467781,10693,-0.0547367436640793,-0.08481569718507433,-0.02223129617506781,0.998,3.871027775180024,0.2957074721780604,-0.03372505012351294
modèle,pi,Max,0.05,3.5,4676,-0.048282720273738235,-0.0840218135158255,-0.011781811377245517,0.994,2.5680645851154833,0.39221556886227543,-0.0033580779639697045,4415,-0.0501291053227633,-0.08729201585503964,-0.01246313703284259,0.997,2.604532276330691,0.38527746319365797,-0.02093592986755062
modèle,pi,Max,0.05,10.0,10627,-0.027573162698786114,-0.05888395125623413,0.006329867319092872,0.955,4.115725980991813,0.2807942034440576,-0.011227099716025526,9224,-0.04355919340849957,-0.07757236556808327,-0.009276425628794445,0.996,3.984691023417173,0.28783607979184733,-0.03536321189978294
modèle,pi,Max,0.1,3.5,3067,-0.055748288229540276,-0.09888840886860123,-0.011470655363547444,0.994,2.6434594065862407,0.37430714052820346,-0.003943704048639154,2995,-0.05157929883138565,-0.10165667779632723,-0.00716243739565944,0.984,2.6972654424040066,0.3659432387312187,-0.023459320276400738
modèle,pi,Max,0.1,10.0,7873,-0.009430966594690714,-0.049662390448367844,0.03512692112282483,0.691,4.390328972437445,0.26584529404293156,-0.011623584937566758,6968,-0.04570464982778416,-0.08482347876004591,-0.005566482491389225,0.982,4.214595292766935,0.26765212399540755,-0.0393290565872745
modèle,pi,BW,0.02,3.5,4037,-0.09773098835769134,-0.1338967674015358,-0.06296990339360913,1.0,2.535665097844934,0.3812236809512014,-0.06576523633269618,4035,-0.10645353159851302,-0.14581121437422553,-0.06941009913258983,1.0,2.5366840148698886,0.376456009913259,-0.07248672643552531
modèle,pi,BW,0.02,10.0,7695,-0.10110071474983756,-0.13889103313840157,-0.06627017543859648,1.0,3.8099129304743338,0.2875893437296946,-0.09442307210912972,7167,-0.11761266917817777,-0.15093306125296502,-0.08339940002790569,1.0,3.6790484163527273,0.2921724570950188,-0.10029806619870074
modèle,pi,BW,0.05,3.5,3010,-0.0980564784053156,-0.1411111295681063,-0.05833081395348839,1.0,2.58078073089701,0.37009966777408637,-0.06665498820806362,3089,-0.09809647134995145,-0.14093525412754937,-0.05311460019423762,1.0,2.607364842991259,0.36613790870831986,-0.07534267365862528
modèle,pi,BW,0.05,10.0,6139,-0.1035950480534289,-0.14265690666232286,-0.06109903893142207,1.0,3.976865939078025,0.27317152630721614,-0.09759102118621632,5794,-0.11645667932343803,-0.15614363997238523,-0.07381756989989645,1.0,3.8315947531929586,0.2789092164307905,-0.1055764225680894
modèle,pi,BW,0.1,3.5,1812,-0.09705849889624722,-0.15428145695364234,-0.04073675496688746,1.0,2.6649834437086093,0.358719646799117,-0.06958477381956053,1959,-0.09650331801939765,-0.15212021439509954,-0.04016181725370086,1.0,2.697850944359367,0.34915773353751917,-0.07905949432939094
modèle,pi,BW,0.1,10.0,4282,-0.10591546006539,-0.15541429238673515,-0.05281398879028491,1.0,4.2893250817375055,0.25221858944418496,-0.10483121237842769,4154,-0.13885652383245065,-0.18475042128069333,-0.0916036350505537,1.0,4.087274915743862,0.2542128069330766,-0.11438408206416169
modèle,pi,PS,0.02,3.5,5021,-0.05411332403903604,-0.08694797351125273,-0.02161685421230831,1.0,2.534929894443338,0.3959370643298148,-0.022894248825450058,4347,-0.07135495744191396,-0.10564417989417989,-0.03530141476880609,1.0,2.5727996319300668,0.3830227743271222,-0.03834534215775932
modèle,pi,PS,0.02,10.0,10936,-0.04950100585223116,-0.08120128703365032,-0.017339374542794453,0.998,3.959912399414777,0.28547915142648134,-0.03388716251511357,8548,-0.06791881141787552,-0.10171303228825455,-0.03299195718296678,1.0,3.8184464202152553,0.2915301824988301,-0.05715782573084755
modèle,pi,PS,0.05,3.5,3978,-0.06915862242332832,-0.10608381096028155,-0.031771298391151344,1.0,2.5853577174459526,0.3803418803418803,-0.02381270013617467,3487,-0.055996558646400914,-0.09726778032692858,-0.01351233151706338,0.996,2.6349813593346716,0.3756811012331517,-0.04011759971466977
modèle,pi,PS,0.05,10.0,9297,-0.0447513176293428,-0.08249364311068086,-0.009372838012262026,0.995,4.095100785199527,0.2749273959341723,-0.0343059532026808,7216,-0.0635629157427938,-0.10147114052106429,-0.028212409922394686,0.998,3.9383300997782706,0.28187361419068735,-0.0604846268279149
modèle,pi,PS,0.1,3.5,2558,-0.07253049257232212,-0.1228888291634089,-0.024641878420641136,0.999,2.661863956215794,0.36512900703674744,-0.02426278662881247,2357,-0.05375901569792108,-0.10160309715740347,-0.004379613915994908,0.982,2.721760712770471,0.3602036487059822,-0.04119031729023489
modèle,pi,PS,0.1,10.0,6731,-0.030676422522656368,-0.0743963898380627,0.013809794235626203,0.909,4.3787857673451205,0.2583568563363542,-0.03558166353543965,5411,-0.05541859175753096,-0.10007276843467011,-0.008483967843282208,0.989,4.1426557013491045,0.2666789872481981,-0.063742499871877
modèle,gbm,Avg,0.02,3.5,5285,-0.047789971617786184,-0.08447109744560077,-0.015014664143803232,0.998,2.656363292336802,0.376158940397351,-0.06228673179120759,4952,-0.07308562197092083,-0.10852887722132472,-0.03785268578352182,0.999,2.641807350565428,0.3695476575121163,-0.05413038376158916
modèle,gbm,Avg,0.02,10.0,9531,-0.05621235966845033,-0.08965667296191376,-0.02192241107963488,0.999,3.8977788269856264,0.2900010492078481,-0.09547898275386581,8387,-0.10546679384762131,-0.14070975915106715,-0.07213276499344223,1.0,3.706573268153094,0.2915225944914749,-0.08245796631354209
modèle,gbm,Avg,0.05,3.5,4081,-0.056380789022298455,-0.09329759862778732,-0.017726047537368294,0.998,2.6827272727272726,0.36853712325410437,-0.06262491091533587,3745,-0.06473164218958612,-0.10377616822429907,-0.02320260347129506,0.999,2.696200267022697,0.3634178905206943,-0.05415772687241701
modèle,gbm,Avg,0.05,10.0,7967,-0.05667126898456132,-0.09208287310154387,-0.018172932094891434,1.0,4.037465796410192,0.2796535709802937,-0.09835571159283173,6765,-0.10191130820399112,-0.1382841463414634,-0.06292730968218775,1.0,3.8469342202512937,0.2817442719881744,-0.08476150029914602
modèle,gbm,Avg,0.1,3.5,2510,-0.057426294820717136,-0.1061541832669323,-0.004491035856573709,0.984,2.7305737051792827,0.3593625498007968,-0.06483096489291167,2223,-0.05658569500674763,-0.1119141925326136,0.003134727845254155,0.969,2.760139451192083,0.3553756185335133,-0.05402010308507962
modèle,gbm,Avg,0.1,10.0,5785,-0.05107000864304234,-0.09888228176318063,-0.006462273120138286,0.984,4.326432152117546,0.26171132238547967,-0.10600248285482794,4634,-0.09375269745360379,-0.14229720543806648,-0.046247949935261115,1.0,4.13022658610272,0.26564523090202846,-0.09088809870717028
modèle,gbm,Max,0.02,3.5,6566,-0.0031891562595187245,-0.03510942735303077,0.028052200731038684,0.575,2.639719768504417,0.3970453853183064,-0.0010171991448212924,6061,-0.029561128526645775,-0.059796485728427655,0.0014120607160534482,0.967,2.612090414123082,0.39432436891602046,-0.010027189672348077
modèle,gbm,Max,0.02,10.0,12095,0.03179082265398925,0.0011674865646961556,0.06402596114096734,0.02,4.1065597354278625,0.29607275733774285,-0.009652346547343323,10828,-0.04178149242704101,-0.07239691078684891,-0.010692325452530483,0.996,3.8666235685260437,0.2995012929442187,-0.024196189214428423
modèle,gbm,Max,0.05,3.5,5450,0.002427522935779815,-0.03130087155963302,0.035741651376146766,0.458,2.691310091743119,0.3889908256880734,-0.0009851210867135461,4846,-0.03460379694593479,-0.07149061081304169,-7.929219975237213e-05,0.975,2.6698369789517127,0.3788691704498556,-0.009738127228036833
modèle,gbm,Max,0.05,10.0,11159,0.03516712967111748,0.0011994802401648873,0.06987196433372167,0.02,4.186347342951877,0.29034859754458286,-0.009105839758204788,9476,-0.04138771633600676,-0.07398757387083156,-0.007032212959054459,0.991,3.9720715491768677,0.28830730265934995,-0.024116613150791593
modèle,gbm,Max,0.1,3.5,3748,0.012246531483457846,-0.031049426360725725,0.05451040554962647,0.298,2.7526200640341516,0.38233724653148343,-0.0003487070466071266,3106,-0.011980038634900192,-0.058413876368319385,0.036281632324533165,0.679,2.751728911783644,0.3737926593689633,-0.008434872509882809
modèle,gbm,Max,0.1,10.0,9079,0.051218195836545875,0.013119341337151667,0.09192986562396739,0.006,4.392764621654368,0.27976649410728055,-0.009104054679180778,7080,-0.03990395480225988,-0.07949240819209039,-0.0005786370056497233,0.977,4.206973163841808,0.2734463276836158,-0.024235490383238155
modèle,gbm,BW,0.02,3.5,5051,-0.04936052266877846,-0.08349737675707779,-0.015025638487428236,0.995,2.6589249653533953,0.37517323302316374,-0.06453791746659063,4568,-0.06903896672504378,-0.10600536339754815,-0.030477999124343264,1.0,2.650098511383538,0.3714973730297723,-0.057425374520006844
modèle,gbm,BW,0.02,10.0,8995,-0.07647470817120622,-0.11092829349638689,-0.0417438021122846,1.0,3.91127626459144,0.2867148415786548,-0.0963285709602942,7415,-0.10498718813216454,-0.1413975724881996,-0.07023415374241404,1.0,3.690722859069454,0.29507754551584625,-0.08512776888893436
modèle,gbm,BW,0.05,3.5,3811,-0.042768302282865385,-0.08380516924691683,-0.0004326948307531035,0.975,2.694487011283128,0.37181842036210966,-0.06388286136229987,3411,-0.054696569920844325,-0.10320690413368512,-0.011252565230137797,0.993,2.700445617121079,0.3682204632072706,-0.057876011877979874
modèle,gbm,BW,0.05,10.0,7492,-0.06876401494927924,-0.10658565803523758,-0.029141951414842503,1.0,4.077076882007474,0.2768286171916711,-0.09866117998575367,5930,-0.09202866779089376,-0.13251007588532884,-0.05313988195615515,1.0,3.8357655986509274,0.28802698145025296,-0.0881750993518849
modèle,gbm,BW,0.1,3.5,2333,-0.031123017573939135,-0.08446667381054436,0.02144717102443205,0.877,2.739657093870553,0.3669095585083583,-0.06276102621323904,1985,-0.0488513853904282,-0.10308853904282117,0.0055933249370277065,0.949,2.7554811083123423,0.3596977329974811,-0.05704066219336492
modèle,gbm,BW,0.1,10.0,5415,-0.05568605724838413,-0.10110932594644507,-0.007725946445060023,0.984,4.359085872576178,0.26204986149584486,-0.10393032117414937,3958,-0.10288024254674077,-0.1556858893380495,-0.04964818089944416,1.0,4.119957049014654,0.2670540677109651,-0.09314359067322622
modèle,gbm,PS,0.02,3.5,5828,-0.014707103637611532,-0.04497733356211393,0.017838808339052842,0.803,2.6611961221688403,0.38726835964310224,-0.02162800913360332,4925,-0.043628426395939085,-0.08012756345177663,-0.010819390862944164,0.994,2.636907614213198,0.38213197969543145,-0.030024308719380593
modèle,gbm,PS,0.02,10.0,11206,-0.010985900410494378,-0.04380039264679635,0.022169291004818844,0.747,4.027741834731394,0.2902909155809388,-0.033218740525085166,8702,-0.06257182256952425,-0.09574416800735464,-0.027086761663985295,1.0,3.7788025741208915,0.29671339921857043,-0.04730080677148355
modèle,gbm,PS,0.05,3.5,4762,-0.0014067618647627055,-0.037865644687106265,0.03610402141957161,0.524,2.7067015959680805,0.38345233095338094,-0.0211254853786129,3838,-0.04437727983324648,-0.08469808494007294,-0.004433754559666498,0.985,2.695145909327775,0.3705054715997916,-0.030004641369643405
modèle,gbm,PS,0.05,10.0,10027,-0.004739104418071205,-0.037230116186297,0.031048985239852393,0.596,4.1316696918320535,0.2837339184202653,-0.03336183514827015,7345,-0.0683498978897209,-0.10485285908781486,-0.03179666439754936,1.0,3.898939414567733,0.28481960517358745,-0.0480626908831294
modèle,gbm,PS,0.1,3.5,3168,0.0003772095959596011,-0.04716792140151515,0.04579573074494947,0.488,2.760279987373737,0.375,-0.020630773651570906,2399,-0.039562317632346806,-0.0907880366819508,0.01632367653188828,0.925,2.765248020008337,0.3609837432263443,-0.029138632559435086
modèle,gbm,PS,0.1,10.0,7841,-0.00220826425200867,-0.04463963461293202,0.03575337329422265,0.535,4.363922458870043,0.2675679122560898,-0.03441860910159125,5261,-0.06628587720965597,-0.1110661946398023,-0.023548802509028702,0.998,4.135352594563771,0.2685801178483178,-0.05021747465172194
modèle,gbmh,Avg,0.02,3.5,4207,-0.03903256477299739,-0.0773225576420252,-0.0023355716662705165,0.976,2.640651295459948,0.38340860470644167,-0.05657876605138081,3764,-0.0520403825717322,-0.09320437035069075,-0.013063230605738593,0.996,2.608281083953241,0.3900106269925611,-0.04758010628053707
modèle,gbmh,Avg,0.02,10.0,7236,-0.03210199004975124,-0.07089158374792703,0.004119057490326144,0.961,3.7440132669983415,0.3055555555555556,-0.08715496545314652,6012,-0.07044910179640718,-0.10815589654025283,-0.03379549234863607,1.0,3.5526280771789756,0.3180306054557552,-0.07229628416085729
modèle,gbmh,Avg,0.05,3.5,2585,-0.03592649903288201,-0.08450280464216633,0.011042649903288185,0.931,2.707145067698259,0.3736943907156673,-0.056981897200911624,2341,-0.048064929517300306,-0.10171539940196496,0.0049427595044852475,0.959,2.6941136266552754,0.3720632208457924,-0.047157212516079204
modèle,gbmh,Avg,0.05,10.0,5167,-0.029641958583317203,-0.0733186568608477,0.013666537642732707,0.899,4.014060383201084,0.2862395974453261,-0.09347487139776785,4077,-0.08570517537404954,-0.13092893058621535,-0.03884105960264902,0.999,3.770237920039244,0.29433406916850624,-0.07581527988652745
modèle,gbmh,Avg,0.1,3.5,992,-0.03818548387096775,-0.1132890625,0.04340398185483871,0.817,2.817379032258064,0.3558467741935484,-0.05846280280603676,975,-0.03242051282051282,-0.11533846153846156,0.05089871794871792,0.776,2.836092307692308,0.3548717948717949,-0.044734472836904834
modèle,gbmh,Avg,0.1,10.0,2831,-0.04896503002472625,-0.11780183680678206,0.021137495584599063,0.922,4.548580007064641,0.24796891557753445,-0.10557366033090608,2060,-0.08559708737864077,-0.15271953883495143,-0.015519538834951468,0.993,4.177504854368932,0.26553398058252425,-0.08233418953036066
modèle,gbmh,Max,0.02,3.5,6887,0.0007042253521126721,-0.0288264483810077,0.03197909104109191,0.505,2.603564687091622,0.40801510091476695,0.0022824157775502784,5856,0.007494877049180327,-0.024638020833333336,0.039624188866120215,0.334,2.571832308743169,0.4217896174863388,-0.004698154328401574
modèle,gbmh,Max,0.02,10.0,11790,0.030147582697201022,-0.0006812977099236649,0.0612226887192536,0.028,3.9747413061916874,0.30661577608142493,-0.006232206825520744,9864,-0.00465936739659368,-0.03366035583941606,0.027144109894566087,0.591,3.7140703568532034,0.32491889699918897,-0.017080517330527678
modèle,gbmh,Max,0.05,3.5,5123,0.011688463790747608,-0.02314395861799727,0.04922560023423775,0.261,2.6832539527620534,0.3956666016006246,0.0026059628862348267,4076,0.009656526005888127,-0.03050073601570167,0.04927201913640824,0.304,2.6691707556427873,0.401864573110893,-0.0027435028736300174
modèle,gbmh,Max,0.05,10.0,10078,0.04616590593371701,0.011429375868227823,0.07920222266322682,0.007,4.104594165509029,0.2984719190315539,-0.005613388787455359,7719,0.0007643477134343853,-0.036339681305868635,0.03887271667314418,0.475,3.87924342531416,0.308589195491644,-0.01633544195126165
modèle,gbmh,Max,0.1,3.5,2660,0.026477443609022554,-0.025113063909774438,0.07834896616541352,0.17,2.7996503759398497,0.3804511278195489,0.0027506485833531822,1983,-0.002183560262228949,-0.060499873928391325,0.054695789208270305,0.527,2.798698940998487,0.3721633888048411,0.001193339135425554
modèle,gbmh,Max,0.1,10.0,6911,0.06932860656923744,0.026854471132976416,0.11596606858631164,0.0,4.458254955867457,0.2762263058891622,-0.00538051314184933,4537,-0.012704430240246855,-0.06392489530526779,0.03917858717214017,0.668,4.23415252369407,0.2772757328631254,-0.015364433747695635
modèle,gbmh,BW,0.02,3.5,4016,-0.048129980079681264,-0.0890113296812749,-0.00756000996015936,0.991,2.649683764940239,0.37798804780876494,-0.048821914672623055,3477,-0.032545297670405524,-0.07346404946793213,0.010719298245614033,0.929,2.6030802415875756,0.4009203336209376,-0.04180116608509149
modèle,gbmh,BW,0.02,10.0,6812,-0.062342924251321194,-0.09882424398120962,-0.024803912213740464,0.999,3.7592997651203754,0.2980035231943629,-0.07685770277826431,5348,-0.0506637995512341,-0.08906983919222138,-0.011311097606581902,0.995,3.528894913986537,0.3298429319371728,-0.06544309214210893
modèle,gbmh,BW,0.05,3.5,2524,-0.014722662440570524,-0.06774177892234548,0.03811004358161648,0.7,2.7297266244057052,0.37717908082408874,-0.04748215923656699,2184,-0.02705128205128205,-0.08160393772893772,0.02478708791208791,0.831,2.7007829670329673,0.38003663003663,-0.04122281332204134
modèle,gbmh,BW,0.05,10.0,4928,-0.04998376623376623,-0.09625933441558442,-0.000797483766233762,0.977,4.027650162337663,0.28287337662337664,-0.08135504597129559,3625,-0.03849103448275862,-0.08943737931034484,0.012639448275862058,0.922,3.750168275862069,0.30951724137931036,-0.06850997354413879
modèle,gbmh,BW,0.1,3.5,990,0.05744444444444445,-0.024036111111111123,0.14293257575757576,0.091,2.8504646464646464,0.38484848484848483,-0.04242162493554133,961,-0.018345473465140486,-0.10230280957336108,0.06270993756503643,0.665,2.862434963579605,0.3600416233090531,-0.03798326570115925
modèle,gbmh,BW,0.1,10.0,2751,-0.06842239185750636,-0.13229162122864413,-0.0030898764085787126,0.979,4.605659760087241,0.24863685932388221,-0.09040300870515962,1876,-0.05262793176972281,-0.12811074093816632,0.03099640191897653,0.906,4.16590618336887,0.27665245202558636,-0.07293150071945509
modèle,gbmh,PS,0.02,3.5,5629,-0.01567294368449103,-0.04988517054538994,0.02001828921655711,0.808,2.6558543258127556,0.3890566708118671,-0.021608730919188704,4383,-0.017424138717773215,-0.057333219256217205,0.019825119780971935,0.825,2.5948916267396758,0.405430070727812,-0.027306110698322308
modèle,gbmh,PS,0.02,10.0,10348,0.002782373405488981,-0.031524439505218396,0.03651907856590645,0.452,3.9240465790490915,0.29880170081175106,-0.030561236424241738,7363,-0.040851555072660604,-0.0750811829417357,-0.0030311354067635537,0.985,3.6240323237810674,0.3197066413146815,-0.04214769124452993
modèle,gbmh,PS,0.05,3.5,3933,0.003364352911263661,-0.04103866005593694,0.04528564073226544,0.427,2.72484820747521,0.38367658276125094,-0.020656319616556285,2932,-0.012687585266030017,-0.05783142905866303,0.03300383697135061,0.72,2.6904297407912687,0.3864256480218281,-0.027096515245676377
modèle,gbmh,PS,0.05,10.0,8351,0.013326787211112438,-0.02273302598491199,0.05343184947910429,0.252,4.102706023230751,0.2872709855107173,-0.03071112611366963,5418,-0.03699704688076781,-0.0799767903285345,0.005854928017718713,0.958,3.8121280915466964,0.3014027316352898,-0.043100697419481034
modèle,gbmh,PS,0.1,3.5,1891,0.005900052882072971,-0.05188071126388154,0.0726975806451613,0.427,2.834135906927552,0.36753040719196195,-0.021262920156412488,1352,-0.0012352071005917171,-0.07612204142011833,0.07254974112426034,0.539,2.8222559171597634,0.3661242603550296,-0.025359657634544664
modèle,gbmh,PS,0.1,10.0,5412,0.03237379896526238,-0.0181555524759793,0.08197652439024389,0.117,4.50275332594235,0.262379896526238,-0.031527834575976715,3042,-0.027136752136752137,-0.09152605193951346,0.0309654010519395,0.818,4.185193951347798,0.27481919789612097,-0.0450575216142096
sharp,mk_sharp,Max,0.0,3.5,7692,0.033074622984919394,0.007885562922516897,0.058196567862714495,0.006,2.296491159646386,0.4880395215808632,0.01773511684683231,5320,0.008468045112781954,-0.021236278195488727,0.03863482142857142,0.296,2.2837274436090227,0.4913533834586466,0.013848637447129074
sharp,mk_sharp,Max,0.0,10.0,9330,0.0460042872454448,0.017935959271168273,0.07389415862808145,0.0,2.9766934619506964,0.422508038585209,0.01969901075797563,6674,0.010731195684746779,-0.021972505244231347,0.04575295924483068,0.274,2.94445160323644,0.4196883428228948,0.011771212778428977
sharp,mk_sharp,Max,0.02,3.5,3155,0.04069096671949287,0.001031933438985742,0.08300895404120442,0.02,2.3612393026941363,0.4729001584786054,0.033086478200996625,1724,0.03783642691415313,-0.018830626450116003,0.09986977958236658,0.109,2.543352668213457,0.4437354988399072,0.027398715828544237
sharp,mk_sharp,Max,0.02,10.0,4523,0.06223303117399955,0.015284822020782669,0.10748524209595402,0.005,3.260106124253814,0.3935441078929914,0.03405236140873547,2647,0.011235360785795234,-0.05117198715527012,0.0706776539478655,0.355,3.40825840574235,0.35700793350963356,0.022653662110323262
sharp,mk_sharp,Max,0.05,3.5,598,0.1174247491638796,0.014960284280936457,0.21704389632107018,0.014,2.4774247491638794,0.4665551839464883,0.06302097360029005,286,-0.05125874125874123,-0.20154283216783217,0.10080506993006992,0.759,2.806678321678322,0.35664335664335667,0.04206574428498084
sharp,mk_sharp,Max,0.05,10.0,1151,0.18629018245004345,0.08168983492615117,0.29987945264986965,0.001,3.963353605560382,0.3579496090356212,0.06272425118014861,595,0.04663865546218489,-0.09472142857142857,0.21869033613445374,0.292,4.1802689075630255,0.28403361344537814,0.03382227710856965
sharp,mk_sharp,BW,0.0,3.5,855,-0.013345029239766076,-0.09165555555555553,0.0590707602339181,0.637,2.1946900584795324,0.47953216374269003,0.008426124444200033,655,0.04021374045801527,-0.04634389312977098,0.12356297709923662,0.185,2.147190839694657,0.5541984732824428,0.006171139584188095
sharp,mk_sharp,BW,0.0,10.0,1033,-0.017889641819941914,-0.09296781219748304,0.06658857696030976,0.658,2.669273959341723,0.43368828654404645,0.007373427411389985,760,0.017723684210526308,-0.0719828947368421,0.10536677631578945,0.351,2.5326710526315788,0.5052631578947369,0.003973778040071236
sharp,mk_sharp,BW,0.02,3.5,152,0.055460526315789495,-0.14537499999999998,0.2408141447368421,0.302,2.410263157894737,0.45394736842105265,0.025039695184886225,147,-0.06700680272108843,-0.2589302721088435,0.13858163265306114,0.755,2.605102040816327,0.40816326530612246,0.015515344831200007
sharp,mk_sharp,BW,0.02,10.0,219,0.04890410958904111,-0.14653995433789954,0.2355011415525114,0.32,3.3179452054794525,0.3835616438356164,0.02027275020388094,189,-0.08756613756613756,-0.28421957671957676,0.11774470899470901,0.815,3.2221693121693122,0.35978835978835977,0.003086584280405493
sharp,mk_sharp,BW,0.05,3.5,11,0.52,-0.3890909090909092,1.4431136363636359,0.108,2.679090909090909,0.5454545454545454,0.0393764845664645,53,-0.20056603773584905,-0.4987688679245283,0.1339952830188679,0.881,2.826792452830188,0.32075471698113206,-0.01767871591706773
sharp,mk_sharp,BW,0.05,10.0,31,0.16516129032258067,-0.40362903225806457,0.9297338709677417,0.283,4.461290322580646,0.3225806451612903,0.0025483084279826983,75,-0.06039999999999997,-0.3957833333333333,0.3163933333333332,0.642,3.5230666666666663,0.30666666666666664,-0.028197524855057606
sharp,mk_sharp,B365,0.0,3.5,908,0.011354625550660807,-0.07008810572687223,0.09614427312775331,0.396,2.655407488986784,0.41409691629955947,0.00789217863571936,792,0.11077020202020205,0.020075126262626267,0.20916729797979797,0.01,2.7082323232323233,0.45707070707070707,-2.7700365335013254e-05
sharp,mk_sharp,B365,0.0,10.0,1695,0.035852507374631276,-0.041506932153392316,0.12403038348082593,0.189,3.7082654867256637,0.328023598820059,0.007997872501326364,1348,0.11578635014836794,0.02406991839762612,0.2040739985163204,0.007,3.5939094955489614,0.36869436201780414,-0.0006757784926832204
sharp,mk_sharp,B365,0.02,3.5,232,-0.009094827586206874,-0.17190517241379313,0.16614116379310345,0.551,2.8748275862068966,0.3620689655172414,0.027117465536551515,250,-0.01579999999999999,-0.180407,0.15486299999999997,0.573,3.03504,0.332,-0.0032079326233255354
sharp,mk_sharp,B365,0.02,10.0,651,0.10944700460829493,-0.04144546850998465,0.2581221198156681,0.072,4.331044546850999,0.2872503840245776,0.025562039429655785,557,-0.0518491921005386,-0.19690080789946138,0.08762387791741472,0.767,4.1286535008976655,0.25314183123877915,-0.0007252722599090742
sharp,mk_sharp,B365,0.05,3.5,32,0.15718750000000004,-0.3287734375,0.6931796874999999,0.279,3.075,0.375,0.08108215088870106,62,0.049193548387096754,-0.28802419354838704,0.3775604838709676,0.413,3.05,0.3548387096774194,-0.0496841513160683
sharp,mk_sharp,B365,0.05,10.0,166,0.37475903614457834,0.0539894578313253,0.7229668674698794,0.011,5.118313253012048,0.3072289156626506,0.0538167061543174,163,0.07515337423312883,-0.23957822085889569,0.39637269938650305,0.31,4.504233128834356,0.25766871165644173,-0.005538254524125389
sharp,mk_sharp,WH,0.0,3.5,2041,0.03426751592356688,-0.011504409603135717,0.07689919157275844,0.066,2.131141597256247,0.5139637432631063,0.010177386938133963,359,0.02849582172701948,-0.09834122562674094,0.1537075208913649,0.341,2.4564623955431757,0.4623955431754875,0.005927566974126351
sharp,mk_sharp,WH,0.0,10.0,2284,0.03979859894921191,-0.008426335376532392,0.08546037653239927,0.064,2.4383231173380033,0.4842381786339755,0.009972190033444052,472,0.045720338983050834,-0.09064883474576271,0.18774629237288135,0.268,3.2385805084745765,0.3983050847457627,0.008600694095241909
sharp,mk_sharp,WH,0.02,3.5,535,0.020822429906542064,-0.07372850467289718,0.11881401869158878,0.336,2.2421869158878502,0.47289719626168225,0.027154709362457407,101,-0.041485148514851515,-0.2778935643564356,0.21709405940594056,0.626,2.7096039603960405,0.37623762376237624,0.025062786268550425
sharp,mk_sharp,WH,0.02,10.0,655,0.05403053435114505,-0.04837557251908397,0.15811488549618316,0.151,2.7678167938931297,0.433587786259542,0.027754448896659498,168,0.0042261904761904815,-0.2654270833333333,0.30998065476190473,0.509,4.076369047619047,0.2916666666666667,0.029831385780050554
sharp,mk_sharp,WH,0.05,3.5,69,0.2552173913043479,-0.024514492753623194,0.570373188405797,0.035,2.4459420289855074,0.5072463768115942,0.07927680834413843,24,0.14375000000000002,-0.38343750000000004,0.7147395833333331,0.295,2.780416666666666,0.4166666666666667,0.05115762368119089
sharp,mk_sharp,WH,0.05,10.0,117,0.3038461538461538,-0.015164529914529936,0.6511623931623931,0.033,3.7377777777777785,0.41025641025641024,0.06312157204375325,61,0.21147540983606558,-0.3238319672131148,0.8035245901639342,0.212,4.789180327868852,0.2786885245901639,0.07249227106393748
sharp,mk_sharp,IW,0.0,3.5,1864,0.057736051502145926,0.007102065450643783,0.10827132510729613,0.012,2.1353916309012875,0.5305793991416309,0.026120459369784733,508,0.04608267716535434,-0.03347982283464567,0.1301235236220472,0.14,1.884744094488189,0.6003937007874016,0.011419631585754896
sharp,mk_sharp,IW,0.0,10.0,2036,0.06169941060903734,0.010636296660117882,0.11551191060903733,0.006,2.38323673870334,0.5068762278978389,0.026328326924964732,552,0.03335144927536232,-0.055148097826086956,0.11961277173913044,0.254,2.1347826086956525,0.5652173913043478,0.009412270540619177
sharp,mk_sharp,IW,0.02,3.5,895,0.05547486033519554,-0.02391564245810056,0.126390782122905,0.074,2.1925363128491617,0.5072625698324023,0.04483441831602343,85,-0.04176470588235294,-0.2585529411764706,0.18624999999999997,0.638,2.088705882352942,0.47058823529411764,0.042156636857346
sharp,mk_sharp,IW,0.02,10.0,1013,0.03958538993089832,-0.046867226061204345,0.11619644619940771,0.155,2.5338795656465942,0.47186574531095754,0.04685723321400175,107,0.04345794392523366,-0.22807009345794393,0.33673364485981305,0.396,2.7952336448598127,0.4205607476635514,0.029971487447504597
sharp,mk_sharp,IW,0.05,3.5,235,0.13510638297872343,-0.02109042553191488,0.27915957446808515,0.045,2.2991489361702127,0.502127659574468,0.07181272050092516,16,0.14562499999999998,-0.459375,0.7444531249999993,0.331,2.33,0.5,0.1323070302865012
sharp,mk_sharp,IW,0.05,10.0,297,0.10656565656565656,-0.04294191919191919,0.2711026936026935,0.083,2.975084175084175,0.44107744107744107,0.07743754077553631,21,0.5990476190476189,-0.31382142857142864,1.7636071428571423,0.112,3.4109523809523807,0.47619047619047616,0.10793104903796362
sharp,mk_sharp,VC,0.0,3.5,1239,0.0008151735270379337,-0.05882990314769977,0.06573405972558514,0.496,2.3120903954802263,0.47296206618240516,-0.0022719196295280454,340,-0.1375,-0.25112720588235293,-0.017416911764705934,0.99,2.402264705882353,0.40588235294117647,0.0037403982956306907
sharp,mk_sharp,VC,0.0,10.0,1607,0.031300560049782204,-0.03779107031736154,0.10162570006222775,0.21,3.0201182327317984,0.417548226509023,-0.002737737964344281,518,0.0011583011583011457,-0.1653484555984556,0.1396052123552123,0.544,3.5877413127413127,0.33976833976833976,0.0012459887102993952
sharp,mk_sharp,VC,0.02,3.5,224,-0.07513392857142856,-0.22627120535714287,0.07701897321428565,0.829,2.4335714285714287,0.4107142857142857,0.017628980310398,88,-0.17079545454545456,-0.4268181818181818,0.10695738636363634,0.893,2.630568181818182,0.3068181818181818,0.020165285656064836
sharp,mk_sharp,VC,0.02,10.0,384,0.04054687500000002,-0.13517513020833333,0.22218164062499995,0.314,3.8978125,0.3333333333333333,0.0159029821630789,186,0.09258064516129032,-0.19861827956989245,0.4446478494623655,0.305,4.406182795698925,0.26344086021505375,0.013289168709311922
sharp,mk_sharp,VC,0.05,3.5,26,-0.029999999999999992,-0.4612980769230769,0.4462980769230767,0.542,2.5369230769230766,0.4230769230769231,0.05667856234581029,20,-0.295,-0.775,0.28012499999999996,0.838,2.652,0.25,0.07531496208829812
sharp,mk_sharp,VC,0.05,10.0,87,0.4301149425287357,-0.03938218390804595,0.9526321839080457,0.038,5.042758620689655,0.3218390804597701,0.04633929932128906,57,0.38421052631578945,-0.2614473684210526,1.1316666666666666,0.129,5.109122807017544,0.2631578947368421,0.06304246438190432
sharp,mk_sharp,Avg,0.0,3.5,73,0.013287671232876733,-0.24303767123287676,0.2675445205479452,0.482,2.1215068493150686,0.4931506849315068,-0.03237426556386619,85,-0.21223529411764705,-0.4815411764705883,0.043885294117647064,0.952,2.6729411764705886,0.32941176470588235,-0.047709786614383534
sharp,mk_sharp,Avg,0.0,10.0,84,0.06166666666666666,-0.21857440476190473,0.3656815476190476,0.347,2.4647619047619047,0.4642857142857143,-0.041923511392138825,109,-0.1373394495412844,-0.4045940366972477,0.1626353211009173,0.829,3.261100917431193,0.30275229357798167,-0.048102242699552863
sharp,mk_sharp,Avg,0.02,3.5,14,-0.00500000000000002,-0.5915357142857143,0.6235714285714284,0.531,2.3407142857142857,0.42857142857142855,-0.05027373678717598,45,-0.32733333333333337,-0.6774166666666666,0.018938888888888828,0.97,2.8484444444444446,0.26666666666666666,-0.06488862284723661
sharp,mk_sharp,Avg,0.02,10.0,20,0.45699999999999996,-0.35756250000000006,1.3772374999999994,0.174,3.2555,0.45,-0.08449066864111644,65,-0.17507692307692307,-0.5532,0.23244999999999982,0.814,3.619846153846154,0.24615384615384617,-0.05495444598513609
sharp,mk_sharp,Avg,0.05,3.5,7,0.20857142857142857,-0.6928571428571428,1.2290714285714284,0.37,2.6228571428571428,0.42857142857142855,,35,-0.3151428571428571,-0.6782857142857144,0.08630714285714282,0.932,2.8522857142857143,0.2857142857142857,-0.07576088474112143
sharp,mk_sharp,Avg,0.05,10.0,10,0.25,-0.667,1.2126249999999996,0.315,3.2080000000000006,0.4,,52,-0.02942307692307692,-0.4733125,0.5382932692307689,0.563,3.532307692307692,0.28846153846153844,-0.07367281457000921
sharp,mk_sharp,1XB,0.0,3.5,0,,,,,,,,238,-0.10260504201680672,-0.21599684873949584,0.031207983193277267,0.929,2.2439075630252105,0.49159663865546216,0.012434183630528778
sharp,mk_sharp,1XB,0.0,10.0,0,,,,,,,,343,-0.1621282798833819,-0.2930102040816327,-0.030363702623906755,0.99,2.8418950437317783,0.3877551020408163,0.015463029863389453
sharp,mk_sharp,1XB,0.02,3.5,0,,,,,,,,57,-0.057719298245614045,-0.3595043859649123,0.24107456140350877,0.659,2.7005263157894737,0.42105263157894735,0.015943806048950557
sharp,mk_sharp,1XB,0.02,10.0,0,,,,,,,,108,-0.17814814814814814,-0.4380601851851852,0.11035416666666663,0.899,3.3781481481481475,0.2962962962962963,0.01914377320572826
sharp,mk_sharp,1XB,0.05,3.5,0,,,,,,,,9,-0.8155555555555556,-1.0,-0.4466666666666666,1.0,2.7088888888888887,0.1111111111111111,0.006382776390840629
sharp,mk_sharp,1XB,0.05,10.0,0,,,,,,,,24,-0.4870833333333333,-1.0,0.21291666666666628,0.918,4.103750000000001,0.125,0.01568194051923084
consensus,kz,Max,0.0,3.5,1652,-0.015048426150121067,-0.0678312651331719,0.03805690072639224,0.705,2.1687953995157385,0.4957627118644068,0.03758547728465864,414,0.04541062801932366,-0.0548919082125604,0.15002536231884056,0.201,2.135990338164251,0.5289855072463768,0.027444859051719495
consensus,mk_avg,Max,0.0,3.5,6656,0.002940204326923081,-0.021510629507211537,0.029233548677884608,0.392,2.1734014423076924,0.5078125,0.014212808962135897,4032,-0.0008531746031746044,-0.03405704365079364,0.03196657986111111,0.511,2.059955357142857,0.5431547619047619,0.01082614818522682
consensus,kz,Max,0.0,10.0,2417,-0.013144393876706665,-0.06828961522548614,0.039898634671079826,0.694,3.0199875879189073,0.4004964832436905,0.030471782971844878,548,0.09195255474452554,-0.026483120437956212,0.21080793795620434,0.062,2.816167883211679,0.46167883211678834,0.02499251343659556
consensus,mk_avg,Max,0.0,10.0,8967,-0.003646704583472735,-0.03543311586929854,0.029344931415189002,0.615,3.2930879892940785,0.3869744619159139,0.010345313289091223,5018,0.014928258270227174,-0.02288257273814269,0.05513127740135512,0.22,2.845023913909924,0.4543642885611798,0.007102985326823187
consensus,kz,Max,0.02,3.5,422,0.06376777251184836,-0.04531694312796206,0.171582345971564,0.145,2.2763270142180096,0.4976303317535545,0.06771789560780643,102,-0.013823529411764741,-0.22833333333333336,0.2313848039215686,0.571,2.2988235294117647,0.46078431372549017,0.04899295412119754
consensus,mk_avg,Max,0.02,3.5,1603,0.005970056144728636,-0.05114426076107299,0.060764504054897035,0.434,2.288914535246413,0.48533998752339363,0.038507432873615674,574,0.013170731707317078,-0.07836367595818816,0.10615592334494774,0.365,2.2733797909407665,0.4895470383275261,0.027822241178205493
consensus,kz,Max,0.02,10.0,719,0.06603616133518775,-0.04013699582753824,0.1843442280945758,0.138,3.3443532684283728,0.38386648122392214,0.05722797178172599,158,0.13632911392405064,-0.11421518987341774,0.3898908227848102,0.151,3.2262025316455696,0.4050632911392405,0.04107575386670725
consensus,mk_avg,Max,0.02,10.0,3516,-0.00915529010238909,-0.062627417519909,0.04739526450511943,0.638,3.9107536973833903,0.3213879408418658,0.025805343797577363,1112,0.08285971223021582,-0.018316321942446055,0.18716591726618706,0.049,3.7183812949640287,0.36330935251798563,0.017928762826150167
consensus,kz,Max,0.05,3.5,61,0.21147540983606553,-0.0989877049180328,0.5221967213114754,0.081,2.3454098360655737,0.5245901639344263,0.10405133619203556,26,0.3065384615384615,-0.12751923076923072,0.7908365384615383,0.081,2.4069230769230767,0.5769230769230769,0.0797772470351763
consensus,mk_avg,Max,0.05,3.5,236,0.12864406779661017,-0.021756355932203413,0.28760487288135583,0.062,2.389067796610169,0.5,0.08031967794040484,68,0.2998529411764706,-0.003176470588235307,0.576341911764706,0.026,2.382058823529412,0.5588235294117647,0.07955641838110881
consensus,kz,Max,0.05,10.0,126,0.11373015873015872,-0.1867321428571429,0.42168849206349196,0.223,3.740396825396825,0.36507936507936506,0.08228869523538611,44,0.40931818181818175,-0.04954545454545456,0.9036931818181819,0.053,3.6397727272727276,0.4772727272727273,0.04682130735866857
consensus,mk_avg,Max,0.05,10.0,828,0.018888888888888875,-0.10659782608695653,0.14301056763285022,0.381,4.5519323671497585,0.2777777777777778,0.05406382721657148,180,0.3378333333333333,0.058020833333333334,0.6379847222222221,0.007,4.618388888888888,0.36666666666666664,0.0402023096778278
hybride,hyb_gbm20,Max,0.02,3.5,3990,0.008313283208020052,-0.02988721804511279,0.048498558897243096,0.35,2.5647694235588974,0.41754385964912283,0.016304172113224498,2490,-0.017144578313253018,-0.06623815261044176,0.033701706827309226,0.747,2.6273975903614457,0.39598393574297186,0.01376224129022674
hybride,hyb_gbm20,Max,0.02,10.0,7615,0.03983847669074195,-0.0013465856861457684,0.07933726198292841,0.036,4.039985554826002,0.310177281680893,0.009319937528009508,4663,-0.019427407248552443,-0.06756176281363928,0.02848434484237615,0.794,3.8887883336907567,0.30495389234398457,0.0033350467658009976
hybride,hyb_gbm20,Max,0.05,3.5,1054,-0.021508538899430746,-0.09492101518026566,0.05646181214421251,0.674,2.6705502846299813,0.38140417457305503,0.032808632877722094,624,-0.0006891025641025808,-0.10406129807692309,0.09873477564102562,0.511,2.822083333333333,0.36538461538461536,0.02837572960509096
hybride,hyb_gbm20,Max,0.05,10.0,3333,0.08638163816381639,0.015953945394539468,0.15436116111611162,0.01,4.771782178217821,0.26612661266126614,0.02081429221886785,1734,-0.02724913494809688,-0.10977696078431375,0.060558679354094556,0.743,4.589152249134949,0.25259515570934254,0.010796211434796853
hybride,hyb_gbm20,BW,0.02,3.5,436,-0.07256880733944954,-0.18747993119266054,0.045760894495412825,0.881,2.5799311926605504,0.38073394495412843,-0.004674275893013019,374,-0.0012834224598930399,-0.13458489304812832,0.12589973262032084,0.487,2.6588770053475934,0.39572192513368987,-0.004077165473844759
hybride,hyb_gbm20,BW,0.02,10.0,808,-0.07524752475247526,-0.1852762995049505,0.03745420792079203,0.913,3.8497400990099013,0.29207920792079206,-0.0124369205311732,609,-0.0021839080459770174,-0.1327524630541872,0.13427914614121508,0.516,3.6962725779967163,0.3169129720853859,-0.01467252951164996
hybride,hyb_gbm20,BW,0.05,3.5,78,-0.12051282051282051,-0.3848814102564102,0.1580160256410256,0.797,2.69525641025641,0.34615384615384615,0.006320358255522434,99,0.0794949494949495,-0.1623409090909091,0.36689393939393933,0.295,2.910808080808081,0.3939393939393939,-0.008829447040348142
hybride,hyb_gbm20,BW,0.05,10.0,239,-0.1572803347280335,-0.366,0.06252928870292877,0.928,4.677740585774059,0.2301255230125523,-0.0037509690281437003,193,-0.04393782383419689,-0.28113471502590676,0.22872927461139894,0.616,4.1205181347150255,0.27461139896373055,-0.009025884472409196
hybride,hyb_gbm20,PS,0.02,3.5,1123,0.006536064113980411,-0.06994278717720391,0.0856413624220837,0.433,2.7583365983971504,0.3784505788067676,-0.017851475000791938,509,0.01381139489194499,-0.1020196463654224,0.12795677799607066,0.419,2.7292927308447936,0.381139489194499,-0.025209323900585816
hybride,hyb_gbm20,PS,0.02,10.0,3109,0.03530717272434866,-0.03518824380829849,0.10598102283692507,0.152,4.472618848504342,0.2672885172081055,-0.022823704928042733,1039,-0.07929740134744948,-0.1717444658325313,0.01892107795957645,0.937,4.006727622714148,0.27718960538979787,-0.03637461614325827
hybride,hyb_gbm20,PS,0.05,3.5,163,-0.022331288343558273,-0.23152607361963193,0.19677607361963173,0.59,2.841165644171779,0.3496932515337423,-0.03330543206042564,73,-0.08904109589041095,-0.36795890410958904,0.21180479452054796,0.746,2.817123287671233,0.3287671232876712,-0.025682517431212745
hybride,hyb_gbm20,PS,0.05,10.0,985,0.05428426395939087,-0.07799543147208121,0.18715888324873095,0.207,5.25956345177665,0.2233502538071066,-0.020121578489756275,237,-0.17852320675105487,-0.3843955696202531,0.0350685654008439,0.958,4.683881856540084,0.21518987341772153,-0.0273236766510098
hybride,hyb_gbm40,Max,0.02,3.5,5405,-0.01593524514338576,-0.047967946345975954,0.015444218316373727,0.818,2.6295522664199815,0.395004625346901,0.0036670169595708073,4202,-0.020271299381247034,-0.05754819133745836,0.017951451689671577,0.841,2.6307234650166587,0.3938600666349357,-0.001235784948275426
hybride,hyb_gbm40,Max,0.02,10.0,10327,0.0234066040476421,-0.011804081533843318,0.05703391594848456,0.09,4.101911494141571,0.29602014137697297,-0.0028682313720111525,7792,-0.019881930184804938,-0.05890111652977414,0.017322285677618066,0.851,3.8882392197125255,0.303388090349076,-0.013456178525385675
hybride,hyb_gbm40,Max,0.05,3.5,2948,-0.009382632293080062,-0.05772498303934872,0.03778358208955224,0.641,2.7089755766621435,0.3822930800542741,0.0064192273957741275,2118,0.010599622285174692,-0.04710658640226629,0.06254284702549574,0.377,2.7417894239848914,0.3829084041548631,0.004309529267637303
hybride,hyb_gbm40,Max,0.05,10.0,7255,0.042140592694693314,-0.0011603032391454202,0.08604900068917988,0.031,4.428420399724327,0.276223294279807,-0.0007654070432606616,4807,-0.013985853962970666,-0.06076341793218224,0.03478749739962553,0.732,4.2265695860203865,0.28042438111087997,-0.010437164399897295
hybride,hyb_gbm40,BW,0.02,3.5,1593,-0.0033333333333333257,-0.0629289077212806,0.058753923414940346,0.543,2.6178970495919645,0.3992467043314501,-0.03250442873268822,1384,0.004132947976878616,-0.06017702312138728,0.07157658959537573,0.443,2.6327890173410404,0.4046242774566474,-0.03045998472387156
hybride,hyb_gbm40,BW,0.02,10.0,3031,-0.02619597492576707,-0.07790217749917519,0.03551707357307818,0.785,3.9191257010887495,0.30056087099967005,-0.05266951409175744,2299,-0.009773814702044366,-0.08277838190517615,0.05508590691605045,0.636,3.732866463679861,0.32231404958677684,-0.051822582399702846
hybride,hyb_gbm40,BW,0.05,3.5,682,-0.07466275659824047,-0.16880535190615836,0.020910923753665683,0.932,2.7074046920821115,0.3563049853372434,-0.030919866332168054,578,-0.020363321799307953,-0.13088451557093425,0.08956531141868512,0.659,2.7647404844290655,0.36678200692041524,-0.02916067763262747
hybride,hyb_gbm40,BW,0.05,10.0,1655,-0.062066465256797584,-0.1459628398791541,0.025423111782477345,0.91,4.322592145015105,0.2580060422960725,-0.0520954530728012,1155,-0.06058008658008659,-0.15886926406926408,0.03699588744588745,0.889,4.131809523809523,0.2753246753246753,-0.05338940236829657
hybride,hyb_gbm40,PS,0.02,3.5,3572,-0.0015394736842105259,-0.04642739361702127,0.04054214725643897,0.526,2.699423012318029,0.3849384098544233,-0.02040360972998727,2384,-0.041866610738255025,-0.09602097315436241,0.01007917365771811,0.928,2.6871015100671136,0.373741610738255,-0.02723297984707653
hybride,hyb_gbm40,PS,0.02,10.0,7861,-0.00019577661875079888,-0.03862945554000763,0.04012204554127974,0.479,4.188524106347793,0.2816435567993894,-0.03027357909759991,4550,-0.0420967032967033,-0.08902967032967031,0.006310934065934066,0.957,3.8699230769230772,0.2925274725274725,-0.04275551897420922
hybride,hyb_gbm40,PS,0.05,3.5,1729,-0.013314054366685939,-0.07746804511278194,0.04444548872180451,0.675,2.7770630422209366,0.3684210526315789,-0.019986934184622048,1075,0.018260465116279073,-0.06048976744186048,0.09956046511627901,0.329,2.793320930232558,0.37488372093023253,-0.02235558079398014
hybride,hyb_gbm40,PS,0.05,10.0,4982,0.00469289441991169,-0.04774764150943396,0.06125993576876755,0.426,4.568677639502208,0.25612203934162986,-0.030521753038020003,2447,-0.029734368614630156,-0.09546832856559052,0.035021250510829584,0.802,4.209926440539436,0.275030649775235,-0.0436456602052495
hybride,hyb_dc20,Max,0.02,3.5,3872,0.008321280991735536,-0.0300728305785124,0.043372481921487606,0.345,2.5506301652892565,0.42045454545454547,0.016138472647932306,2400,-0.0489625,-0.09517197916666667,-0.0005206250000000044,0.977,2.598675,0.39208333333333334,0.0009525073967039177
hybride,hyb_dc20,Max,0.02,10.0,6878,0.03606571677813318,-0.0026726519337016627,0.0770565207909276,0.036,3.8742643210235537,0.3240767665018901,0.007997958590432086,4609,-0.045914515079192884,-0.09191440659579084,0.0027203297895421617,0.968,3.8790453460620524,0.29659362117596005,-0.009013125518283316
hybride,hyb_dc20,Max,0.05,3.5,1008,0.0017063492063492123,-0.07779340277777777,0.07909722222222222,0.495,2.6739186507936505,0.39285714285714285,0.0339299781670135,626,-0.016837060702875394,-0.11179512779552714,0.08668051118210862,0.63,2.751725239616613,0.3722044728434505,0.005963833639830781
hybride,hyb_dc20,Max,0.05,10.0,2702,0.04574019245003701,-0.026270910436713545,0.11933715766099184,0.102,4.587120651369356,0.27202072538860106,0.020242546498408967,1684,-0.0266330166270784,-0.1151604809976247,0.06146808194774346,0.725,4.520451306413302,0.25593824228028506,-0.005596640673433611
hybride,hyb_dc20,BW,0.02,3.5,404,-0.07163366336633664,-0.1855977722772277,0.04222896039603961,0.885,2.5613861386138614,0.3935643564356436,0.0022160536265031804,357,-0.07257703081232494,-0.1946904761904762,0.043730392156862724,0.87,2.500420168067227,0.3949579831932773,-0.024592035898797545
hybride,hyb_dc20,BW,0.02,10.0,724,-0.09943370165745856,-0.21247928176795577,0.01519095303867402,0.95,3.795524861878453,0.2983425414364641,-0.014255237437379274,565,-0.10412389380530973,-0.2282814159292035,0.020657079646017686,0.949,3.4459469026548675,0.3168141592920354,-0.030823553640421265
hybride,hyb_dc20,BW,0.05,3.5,82,-0.1623170731707317,-0.4190762195121951,0.10818902439024387,0.867,2.737073170731707,0.32926829268292684,-0.008582839311190384,109,-0.07036697247706421,-0.3190252293577982,0.16943807339449535,0.72,2.730275229357798,0.3669724770642202,-0.03110715693877638
hybride,hyb_dc20,BW,0.05,10.0,224,-0.21696428571428575,-0.42706919642857144,0.003354910714285718,0.973,4.565580357142857,0.21428571428571427,-0.012055375876067134,199,-0.0735678391959799,-0.27979773869346736,0.14226884422110547,0.739,3.8576381909547743,0.2914572864321608,-0.03267825490672453
hybride,hyb_dc20,PS,0.02,3.5,945,-0.0306984126984127,-0.10828492063492062,0.048744973544973536,0.774,2.6815661375661377,0.3798941798941799,-0.020112692068778006,629,-0.08941176470588236,-0.18686923688394275,0.010946343402225747,0.96,2.6912241653418123,0.3497615262321145,-0.038563406407859616
hybride,hyb_dc20,PS,0.02,10.0,2312,-0.02237024221453288,-0.10050183823529413,0.053280384948096886,0.71,4.320133650519031,0.2690311418685121,-0.02956580949785623,1245,-0.10110843373493977,-0.18804658634538154,-0.006385140562248992,0.985,3.8642409638554214,0.26987951807228916,-0.05107935430685002
hybride,hyb_dc20,PS,0.05,3.5,155,-0.196258064516129,-0.3862661290322581,-0.0034403225806451956,0.976,2.759225806451613,0.2967741935483871,-0.024531424996609402,141,-0.06198581560283684,-0.28480673758865255,0.15567553191489364,0.732,2.8164539007092197,0.3404255319148936,-0.033462540636535365
hybride,hyb_dc20,PS,0.05,10.0,663,-0.10822021116138764,-0.24467006033182503,0.04272398190045247,0.912,5.08579185520362,0.20060331825037708,-0.02776548487331821,322,-0.13378881987577643,-0.29643245341614904,0.04325776397515525,0.921,4.238788819875776,0.2422360248447205,-0.04638582480809622
hybride,hyb_dc40,Max,0.02,3.5,5400,-0.024396296296296298,-0.05757171296296296,0.011228425925925921,0.913,2.605522222222222,0.39814814814814814,0.00450225940489869,4021,-0.04642626212384979,-0.08493453121114153,-0.01136427505595624,0.994,2.5973713006714743,0.3906988311365332,-0.01154207275246853
hybride,hyb_dc40,Max,0.02,10.0,9600,0.0286125,-0.005709765624999997,0.0649494270833333,0.053,3.918533333333333,0.31385416666666666,-0.003154485740770428,7658,-0.05008618438234526,-0.08711527161138678,-0.016382247323060865,0.998,3.8999477670410028,0.2949856359362758,-0.025719589366770174
hybride,hyb_dc40,Max,0.05,3.5,2624,-0.01563643292682927,-0.06486937881097561,0.03546751143292683,0.721,2.6897256097560978,0.38452743902439024,0.007036141020593477,2019,-0.07201584943041109,-0.12737989103516595,-0.017491332342743974,0.994,2.6873798910351656,0.3630510153541357,-0.014374690612167682
hybride,hyb_dc40,Max,0.05,10.0,6077,0.047849267730788216,-0.0011721244034885638,0.09721630738851407,0.027,4.3382474905380946,0.28517360539740005,-0.0029644952532874125,4682,-0.061883810337462625,-0.11127920760358823,-0.012392620674925272,0.991,4.258233660828705,0.26313541221700126,-0.02819736344603092
hybride,hyb_dc40,BW,0.02,3.5,1340,-0.03691044776119403,-0.10270895522388059,0.03247406716417908,0.842,2.6016567164179105,0.3917910447761194,-0.030017434715159688,1335,-0.09027715355805244,-0.15941685393258426,-0.02815543071161049,0.999,2.529445692883895,0.38352059925093634,-0.04896560783395866
hybride,hyb_dc40,BW,0.02,10.0,2395,-0.07593319415448851,-0.1361152400835073,-0.012004906054279755,0.989,3.7881503131524012,0.2997912317327766,-0.05086496976891778,2265,-0.11777041942604856,-0.17978520971302428,-0.05112991169977925,1.0,3.6100353200883,0.2997792494481236,-0.0675669909954778
hybride,hyb_dc40,BW,0.05,3.5,562,-0.03379003558718861,-0.14145462633451955,0.07423220640569395,0.719,2.6700889679715307,0.3861209964412811,-0.0271489875026029,586,-0.10967576791808872,-0.21289291808873717,-0.01068771331058023,0.988,2.6230375426621158,0.36006825938566556,-0.051010983602345
hybride,hyb_dc40,BW,0.05,10.0,1248,-0.10487980769230767,-0.2007582131410256,-0.009474559294871794,0.988,4.204383012820513,0.2676282051282051,-0.05172957868917369,1150,-0.1634869565217391,-0.25111304347826086,-0.07608673913043483,1.0,3.9464521739130434,0.2634782608695652,-0.0694449104591986
hybride,hyb_dc40,PS,0.02,3.5,3286,-0.05452465003043213,-0.09695348447961048,-0.012353590992087653,0.992,2.6484930006086427,0.37492391965916005,-0.021797053344278335,2304,-0.07557291666666667,-0.12461827256944444,-0.026487087673611118,0.999,2.6439149305555554,0.3684895833333333,-0.03736237511033565
hybride,hyb_dc40,PS,0.02,10.0,6660,-0.015980180180180183,-0.05593878378378378,0.025930544294294283,0.78,4.045391441441441,0.2864864864864865,-0.032638819921534994,4559,-0.08704101776705418,-0.13252582803246324,-0.04263122395262119,1.0,3.9034108357095856,0.2785698618118008,-0.0557748443867018
hybride,hyb_dc40,PS,0.05,3.5,1492,-0.0385053619302949,-0.11169001340482573,0.027905160857908822,0.866,2.7489678284182304,0.3646112600536193,-0.022722276753728097,1121,-0.06103479036574487,-0.1394056645851918,0.015041480820695764,0.947,2.7402319357716327,0.3541480820695807,-0.040291265159387045
hybride,hyb_dc40,PS,0.05,10.0,3928,0.009080957230142567,-0.04812525458248472,0.06505441700610996,0.361,4.474747708757638,0.2619653767820774,-0.03566800875065776,2621,-0.08990080122090804,-0.1572652613506295,-0.02235997710797409,0.995,4.211816100724914,0.25448302174742465,-0.05905351992115817
