prob,book,min_ev,dev_n,dev_ROI,dev_IC_bas,dev_IC_haut,dev_p(ROI<=0),dev_cote_moy,dev_réussite,test_n,test_ROI,test_IC_bas,test_IC_haut,test_p(ROI<=0),test_cote_moy,test_réussite,test_CLV
dc_over25,Avg,0.02,6359,-0.04530114797924202,-0.07062387954080832,-0.022015607799968553,1.0,1.9518892907689886,0.5071552130838182,6311,-0.06284899382031374,-0.08601022025035651,-0.039335485659958806,1.0,1.95686103628585,0.4946918079543654,-0.053132311438399714
dc_over25,Avg,0.05,4569,-0.05121033048807179,-0.07937557452396586,-0.02344736266141389,1.0,1.980534909170497,0.4972641715911578,4590,-0.07178213507625272,-0.10140593681917212,-0.04316508714596951,1.0,1.9851655773420478,0.4832244008714597,-0.05294755573475642
dc_over25,Avg,0.1,2365,-0.05687526427061313,-0.09983128964059199,-0.014080972515856242,0.997,2.05683467230444,0.47695560253699787,2501,-0.08611355457816873,-0.1252216113554578,-0.046541283486605356,1.0,2.0435265893642542,0.4622151139544182,-0.05305059683173505
dc_over25,Max,0.02,9797,0.00805961008471981,-0.011612381341226908,0.028321169745840556,0.218,2.0449760130652237,0.5115851791364704,8955,-0.02437744276940257,-0.04516314907872697,-0.004025069793411511,0.989,2.035150195421552,0.4963707426018984,-0.014933251506862312
dc_over25,Max,0.05,7624,0.008755246589716688,-0.015832207502623295,0.030522494753410283,0.229,2.0699567156348375,0.5066894018887723,6970,-0.02388809182209469,-0.04867439024390244,-3.9634146341469914e-05,0.975,2.057628407460545,0.490961262553802,-0.013988576020060232
dc_over25,Max,0.1,4702,0.0010697575499787342,-0.02863350701829009,0.028857454274776678,0.476,2.129946831135687,0.4895789025946406,4199,-0.03140509645153608,-0.06347165991902835,2.0242914979672246e-06,0.975,2.108285306025244,0.47606572993569896,-0.012915841970338265
dc_over25,B365,0.02,0,,,,,,,6880,-0.04059302325581396,-0.06186362645348838,-0.017705232558139536,1.0,1.9793197674418603,0.5002906976744186,-0.04475884805339076
dc_over25,B365,0.05,0,,,,,,,5096,-0.05820643642072214,-0.08722787480376765,-0.03136253924646783,1.0,2.0070643642072215,0.48430141287284145,-0.04412395531217057
dc_over25,B365,0.1,0,,,,,,,2837,-0.06808248149453647,-0.10674330278463168,-0.030273704617553764,1.0,2.0634790271413466,0.4681001057455058,-0.04484991332257492
dc_over25,P,0.02,0,,,,,,,6768,-0.04806294326241134,-0.07182143912529551,-0.02369510933806147,1.0,1.9940174349881794,0.4929078014184397,-0.035392052399903604
dc_over25,P,0.05,0,,,,,,,5114,-0.0517637856863512,-0.07993415134923738,-0.02548992960500588,1.0,2.0185295267892056,0.4853343762221353,-0.03489294054641684
dc_over25,P,0.1,0,,,,,,,2935,-0.07106984667802387,-0.10748117546848383,-0.030639863713798992,1.0,2.0707120954003404,0.46439522998296423,-0.03510935050731137
gbmou_p,Avg,0.02,5826,-0.07296429797459664,-0.10094657569515963,-0.045505664263645725,1.0,2.2972708547888776,0.41486440096120836,5129,-0.06094755312926497,-0.09081575355819849,-0.0334985864690973,1.0,2.2085669721193213,0.4457009163579645,-0.06736170519199927
gbmou_p,Avg,0.05,4283,-0.06850572028951668,-0.10277007938360962,-0.03333533738034088,1.0,2.365017511090357,0.4055568526733598,3484,-0.06388346727898968,-0.09902260332950633,-0.023936064867967857,1.0,2.288444316877152,0.4314006888633754,-0.07109009450479976
gbmou_p,Avg,0.1,2528,-0.07029667721518988,-0.1154479825949367,-0.02242256724683545,0.998,2.4957041139240506,0.38330696202531644,1688,-0.0854265402843602,-0.13999407582938386,-0.03175533175355451,1.0,2.4584241706161136,0.39691943127962087,-0.082290338918957
gbmou_p,Max,0.02,9621,-0.012887433738696613,-0.037185661573641005,0.0097534299968818,0.849,2.3244870595572187,0.4369608148841077,8227,-0.01222195210890969,-0.03545940196912606,0.011549532028686025,0.856,2.238463595478303,0.46031360155585266,-0.021881575591753157
gbmou_p,Max,0.05,7343,-0.014357891869807985,-0.04199233964319761,0.01489598937763856,0.844,2.3937614054201277,0.4228516954923056,5995,-0.017614678899082574,-0.04659245204336948,0.010872185154295224,0.888,2.3073461217681404,0.44603836530442037,-0.023268228161301623
gbmou_p,Max,0.1,4632,-0.009080310880829013,-0.042603357081174444,0.02441499352331606,0.715,2.5116472366148535,0.40565630397236613,3310,-0.04448942598187312,-0.08229833836858008,-0.004424924471299105,0.988,2.443465256797583,0.4132930513595166,-0.02563754896046423
gbmou_p,B365,0.02,0,,,,,,,5774,-0.05049705576723242,-0.0775842137166609,-0.02218756494631106,1.0,2.2051073779009354,0.4502944232767579,-0.05516110167128935
gbmou_p,B365,0.05,0,,,,,,,4025,-0.0430360248447205,-0.07647645962732919,-0.006202546583850937,0.992,2.2754633540372673,0.44248447204968944,-0.05618243872113766
gbmou_p,B365,0.1,0,,,,,,,1994,-0.07907723169508525,-0.12854626379137413,-0.032201479438314945,0.999,2.446469408224674,0.4012036108324975,-0.06422849440218326
gbmou_p,P,0.02,0,,,,,,,6001,-0.03225462422929513,-0.05849704215964007,-0.0032202549575070945,0.987,2.235310781536411,0.4515914014330945,-0.04520030189571947
gbmou_p,P,0.05,0,,,,,,,4196,-0.03704480457578647,-0.0704778956148713,-0.004270614871306013,0.987,2.3053122020972356,0.43684461391801716,-0.04681187205057675
gbmou_p,P,0.1,0,,,,,,,2181,-0.04160476845483724,-0.09265841357175608,0.01269784502521776,0.945,2.451302154974782,0.4131132508023842,-0.05241596204684002
mk_ou_p_over,Avg,0.02,0,,,,,,,7,0.29000000000000004,-0.7628571428571428,1.49,0.325,3.0142857142857147,0.42857142857142855,0.0945648033981423
mk_ou_p_over,Avg,0.05,0,,,,,,,5,0.47400000000000003,-1.0,1.9511499999999975,0.352,3.518,0.4,0.13480013186218417
mk_ou_p_over,Avg,0.1,0,,,,,,,2,0.685,-1.0,2.37,0.26,3.285,0.5,0.21715087527257182
mk_ou_p_over,Max,0.02,0,,,,,,,702,0.0542022792022792,-0.016751424501424497,0.12518945868945863,0.076,1.9763390313390312,0.5498575498575499,0.031703091997727736
mk_ou_p_over,Max,0.05,0,,,,,,,80,0.20024999999999998,-0.030687500000000003,0.430884375,0.049,2.2548749999999997,0.5875,0.0639525991585298
mk_ou_p_over,Max,0.1,0,,,,,,,13,-0.11230769230769229,-0.8953846153846154,0.7970769230769229,0.621,3.113076923076923,0.3076923076923077,0.12876197800856165
mk_ou_p_over,B365,0.02,0,,,,,,,94,0.08393617021276595,-0.11972074468085109,0.28106382978723404,0.218,2.047021276595745,0.5638297872340425,0.02676430664734091
mk_ou_p_over,B365,0.05,0,,,,,,,11,0.18000000000000005,-0.6563636363636364,1.0483181818181817,0.332,2.7372727272727277,0.45454545454545453,0.10202710887962034
mk_ou_p_over,B365,0.1,0,,,,,,,4,-0.125,-1.0,1.625,0.737,3.4075,0.25,0.19488880486774973
mk_ou_p_over,P,0.02,0,,,,,,,0,,,,,,,
mk_ou_p_over,P,0.05,0,,,,,,,0,,,,,,,
mk_ou_p_over,P,0.1,0,,,,,,,0,,,,,,,
"ANCIEN SYSTÈME (DC, Over seul, edge>=5pts)",B365,,0,,,,,,,954,-0.03410901467505241,-0.09464491614255767,0.025419811320754687,0.872,1.8874842767295597,0.5272536687631028,-0.03561399240737947
