sport,nb_competitions,principales_competitions,types_de_paris_principaux,remarques
Athlétisme,13,Championnat de France Elite; Championnat de France Elite en salle; Championnat d’Europe; Championnat d'Europe de Cross Country; Championnat d’Europe en salle; Championnat d'Europe par équipe; Championnat du Monde de Cross Country; Championnat du Monde ; ...,"Athlètes ou pays qualifié(e)s pour le tour suivant (épreuve); Records nationaux, continentaux, olympiques ou mondiaux et meilleure performance mondiale; Classement final d'une compétition (athlète/pays); Classement au tableau des médailles des JO",
Aviron,3,Championnat d'Europe d'aviron; Championnat du monde d'aviron; Jeux Olympiques d'aviron,Chrono des finalistes (athlètes/pays); Classement final des finalistes; Classement au tableau des médailles des JO,
Badminton,24,"HSBC BWF World Tour Finals; HSBC BWF World Tour Super 1000; HSBC BWF World Tour Super 750; HSBC BWF World Tour Super 500; HSBC BWF World Tour Super 300; Championnat de France ""Elites""; Championnat d'Europe de Badminton; Championnat d'Europe de Badminton par équipe ; ...",Score (match/set); Classement des médailles d'une compétition (JO inclus),
Baseball,3,Korean Baseball League; Major League of Baseball; Nippon Professional Baseball,Score final (match/manche); Stats individuelles match (nombre de runs et de home runs); Stats équipes match (nombre de home runs); Classement à la fin d'une compétition (top 1),
Basketball,41,FIBA Eurobasket; FIBA Asia; FIBA Africa; FIBA Oceania; FIBA Americas; Coupe du monde de la FIBA; National Basketball Association (NBA); NBA In Season Tournament ; ...,Score final; Score d'un quart-temps; Stats équipes; Stats individuelles quart-temps; Stats individuelles match,NCAA: March Madness seulement. FIBA 3x3 Pro Circuit refusé (2026-167).
Billard,2,Championnat du Monde de snooker; Tournois internationaux : WST,Score (match/manche); Classement final d'une compétition (joueurs/pays),Snooker seulement (WST hors Q School et poules).
Bobsleigh,1,Jeux Olympiques,Classement à l'issue d'une manche (top 10); Records mondiaux ou olympiques; Classement au tableau des médailles des JO,
Boxe,8,Jeux Olympiques; Championnat d’Europe EBU de boxe professionnelle; Championnat de France de boxe professionnelle; Tournoi de France de boxe professionnelle; Combats affiliés à la World Boxing Association (WBA); Combats affiliés à la World Boxing Organization (WBO); Combats affiliés à la World Boxing Council (WBC); Combats affiliés à la International Boxing Federation (IBF),Résultat du combat; Durée du combat (uniquement nombre de rounds); Type de victoire (uniquement KO / KO technique / points); Classement top 3 à la fin d'une compétition (boxeur/pays); Classement au tableau des médailles des JO,"Uniquement combats pour titre mondial (WBA/WBC/IBF/WBO) ou EBU, France, JO."
Canoé-Kayak,2,Jeux Olympiques de Canoé Kayak,Classement à la fin d'une manche (top 1); Classement au tableau des médailles des JO,
Curling,2,Jeux Olympiques de Curling; Championnat du monde de Curling,Score final (match/manche); Classement d'une compétition; Classement au tableau des médailles des JO,
Cyclisme,105,UCI Road World Championships; UEC Road European Championships; Championnat de France sur route; Championnats nationaux sur route *; Jeux Olympiques; Tour d'Italie - Giro; Tour d'Espagne - Vuelta; Tour de France ; ...,"Classement; Classement général à l'issue d'une étape; Classements maillots grimpeur, sprinteur, jeune; Classement d'un sprint intermédiaire ou sommet à points; Classement au tableau des médailles des JO",Championnats nationaux: France + top 5 nations UCI.
Equitation,6,Championnat du Monde Pro Elite; Championnat du Monde Ladies; Jumping International CSI 5*; Jeux Equestres mondiaux - CSO; Jeux Olympiques de Saut d'Obstacle; Jumping International CSI 4*,Score d'un match (horse-ball); Performance sur un CSO; Classement d'un concours/compétition (top 3); Classement au tableau des médailles des JO,
Escalade,5,Jeux Olympiques d'Escalade (Vitesse); Jeux Olympiques d'Escalade (Bloc-Difficulté); Jeux Olympiques sprint femmes; Jeux Olympiques sprint hommes; Jeux olympiques relais mixte,Classement final d'une compétition (top 3); Classement au tableau des médailles des JO,
Escrime,9,Championnat d'Europe d'épée; Championnat du monde d'épée; Jeux Olympiques d'épée; Championnat d'Europe de sabre; Championnat du monde de sabre; Jeux Olympiques de sabre; Championnat d'Europe de fleuret; Championnat du monde de fleuret ; ...,Score final du match; Classement au tableau des médailles des JO,
Football,124,UEFA Champions League; UEFA Women's Champions League; UEFA Europa League; Supercoupe d'Europe de l'UEFA; UEFA Europa Conference League; Copa Libertadores; Copa Sudamericana; Ligue des Champions de la CONCACAF ; ...,Score du match; Minute d'un but; Noms des buteurs; Stats individuelles joueur (seulement passes décisives); Stats équipes (seulement tirs et tirs cadrés),Pas de cartons/corners/fautes hors Fantasy mutuel (combinés >=10). Ligue 3: barrages seulement. Amicaux: top 50 FIFA (sauf France H).
Football américain,2,National Football League (NFL); National Collegiate Athletic Association,Score du match; Score d'un quart-temps; Minute d'un point; Stats individuelles joueur; Stats équipe,NFL tous matchs; NCAA: CFP 1/2 et finale seulement.
Football australien,1,Championnat de Football Australian rules,Vainqueur du match,
Golf,7,PGA Tour (Professional Golf Association); LPGA Tour (Ladies' Professional Golf Association); DPWORLD Tour; LIV GOLF; Ryder Cup; Solheim Cup; Jeux Olympiques de Golf,Classement final top 20 (fin d'un tour ou de la compétition); Score d'un match par équipe; Performance joueur; Performance joueur 2/3 balles (score sur un tour); Classement longueur de drive (top 1),2/3 balles sur tour complet (pas par trou).
Handball,15,Championnat de Division 1 (Liqui Moli Starligue); Championnat de Division 1 (Ligue Butagaz); Championnat de Division 2 (Proligue); Championnat d'Europe de Handball; Championnat du monde de Handball; Jeux Olympiques de Handball; Golden League; Championnat professionnel espagnol ; ...,Score du match; Noms des buteurs; Classement des clubs d'une compétition nationale (top 6); Classement des équipes d'une compétition internationale; Classement attaques/défenses (top 1),
Haltérophilie,1,Jeux Olympiques d'Haltérophilie,Classement final d'une compétition (top 3); Performance (total olympique d'un athlète sur le podium); Classement au tableau des médailles des JO,
Hockey,1,Jeux Olympiques de Hockey,Score du match; Minute des buts; Noms des buteurs; Classement fin de compétition (top 3); Classement des buteurs (top 1),
Hockey sur glace,21,Ligue Magnus; Coupe de France; NHL (National Hockey League); AHL (American Hockey League); KHL (Kontinental Hockey League); Slovakian Extraliga; Championnat de République tchèque de hockey sur glace; Championnat de Finlande de hockey sur glace ; ...,Score final; Score d'un tiers-temps; Minute des buts; Noms des buteurs; Stats individuelles match (nombre d'assistances),
Judo,6,Championnat du monde de Judo en individuel; Championnat du monde de Judo par équipe; Championnat d'Europe de Judo en individuel; Championnat d'Europe de Judo par équipe; Jeux Olympiques de Judo; Grand Slams de Judo,Vainqueur du combat / d'une compétition; Classement d'un tournoi (top 4); Classement mondial (top 5); Classement des médailles des JO,
Luge,3,Jeux Olympiques de Luge simple; Jeux Olympiques de Luge double; Jeux Olympiques de Luge relais,Classement à l'issue d'une manche (top 10); Records mondiaux ou olympiques; Classement au tableau des médailles des JO,
Lutte,2,Jeux Olympiques de Lutte libre; Jeux Olympiques de Lutte gréco-romaine,Classement final d'une compétition (top 3); Classement au tableau des médailles des JO,
MMA,2,Combats affiliés à l'Ultimate Fighting Championship (UFC); Combats affiliés au Professional Fighters League (PFL),Résultat du combat; Durée du combat (nombre de rounds); Type de victoire,UFC et PFL cartes principales seulement; ARES retiré (03/2026).
Motocyclisme,9,Epreuves du championnat du monde de MXGP; Motocross des Nations - MXDN; Speedway Grand Prix World Championship; Championnat du monde de Superbike; Epreuves du championnat du monde de Moto GP; Courses sprint du championnat du monde de Moto GP; Epreuves du championnat du monde de Moto 2; Epreuves du championnat du monde de Moto 3 ; ...,"Classement final pilote/équipe course ou étape; Classement final course ou championnat; Classement final championnat (top 3 Moto2, Moto3, MotoGP); Classement de la dernière séance de qualification MotoGP",
Natation,11,Championnat d'Europe de Natation course *; Championnat d'Europe de Natation course*; Championnat du monde de Natation course*; Jeux Olympiques de Natation course; Championnat d'Europe de Waterpolo; Championnat du monde de Waterpolo; Coupe du monde de Waterpolo; Jeux Olympiques de Waterpolo ; ...,"Athlètes ou pays qualifiés pour le tour suivant; Score final (water-polo); Classement des buteurs water-polo (match/compétition, top 1); Classement final d'une compétition (top 3, athlète/pays); Records nationaux, continentaux, olympiques et du monde",* Petit et grand bassin
Padel,2,Major; Premier Padel Finals,Score (match),
Patinage,2,Jeux Olympiques de patinage de vitesse; Jeux Olympiques de patinage de vitesse sur piste courte (short track),"Classement final compétition/manche en patinage de vitesse; Classement final compétition en short track (top 3); Qualifiés pour le tour suivant en short track; Records nationaux, continentaux, olympiques et mondiaux; Classement au tableau des médailles des JO",
Pentathlon moderne,1,Jeux Olympiques de pentathlon moderne,Classement final compétition (top 3); Classement au tableau des médailles des JO,
Pétanque et jeu provencal,6,Championnat du monde de triplette; Coupe de France des clubs; Masters de pétanque; Trophée des villes de pétanque,Score du match; Mènes; Performance joueur; Classement final (joueur/équipe/pays) top 3,
Roller Skating,3,Championnat du monde de Rink Hockey; Championnat du monde de Roller In Line Hockey; Championnat du monde de course de roller skating,Vainqueur du match; Classement final course (top 3),
Rugby,29,Coupe du monde de rugby à XV; Tournoi des 6 Nations de rugby à XV; The Rugby Championship - Fournations; Matchs internationaux; Matchs internationaux de l'équipe de France; WXV Global Series; Tournée des Lions; Rugby Nations Cup ; ...,Score du match; Minute des points (hors essais de pénalité); Noms des marqueurs; Type des points (hors essais de pénalité); Classement des équipes dans une compétition — 1re moitié,Tests: top 20 World Rugby (sauf France H).
Rugby à XIII,6,Coupe du Monde à XIII; Tournoi des IV Nations; National Rugby League; Super League; World Club Challenge; Ashes Test Series,Score du match; Minute des points (hors essais de pénalité); Noms des marqueurs; Type des points (hors essais de pénalité); Classement des équipes dans une compétition — 1re moitié,
Skeleton,1,Jeux Olympiques de Skeleton,Classement général à l'issue d'une manche (top 10); Records mondiaux ou olympiques; Classement au tableau des médailles des JO,
Ski,23,Championnat du monde de ski alpin; Coupes du monde de ski alpin; Jeux Olympiques de ski alpin; Jeux Olympiques de ski alpin du combiné par équipe; Championnat du monde de snowboard; Coupes du monde de snowboard; Jeux Olympiques de snowboard; Jeux Olympiques de snowboard par équipe mixte ; ...,"Classement final skieur/équipe (manche/épreuve, top 30); Classement final sur la saison complète (top 30); Performance de tir; Temps final (seulement pour les finalistes); Qualifiés pour le tour suivant (1/4 de finale ou mieux)",
Sport Automobile,11,24 heures du Mans; Manches du championnat du monde des rallyes; Grand Prix du Championnat du monde de Formule 1 de la FIA; Course sprint Des Grand Prix du Championnat du monde de Formule 1 de la FIA; Grand Prix du Championnat du monde de Formule 2 de la FIA; Course sprint Des Grand Prix du Championnat du monde de Formule 2 de la FIA; Indianapolis 500; Championnat Nascar Cup Series ; ...,"Classement final pilote; Classement final pilote course (F1); Classement pilote qualifications (top 15, F1); Classement saison complète pilote/équipe (1re moitié); Performance pilote F1",
Sport Boules,1,Championnat du monde de sport boules,Vainqueur d'une partie; Classement à l'issue de la compétition (top 1),
Squash,5,PSA Squash World Championships; Squash Tour Finals; PSA Squash Tour Diamond; PSA Squash Tour Platinium; PSA Squash Tour Platinum,Score (match/jeu),
Taekwondo,3,Championnat d’Europe de Taekwondo (European Taekwondo Union - ETU); Championnat du monde de Taekwondo (World Taekwondo Federation - WTF); Jeux Olympiques de Taekwondo,Vainqueur (match ou compétition); Classement au tableau des médailles des JO,
Tennis,29,Tournois du Grand Chelem de tennis - simple; Tournois du Grand Chelem; Tournois du Grand Chelem de tennis - double; ATP World Tour Finals - simple; ATP Next Gen Finals-simple; ATP World Tour Masters 1000 - simple; ATP World Tour 500 series - simple; ATP World Tour 250 series - simple ; ...,"Score; Statistiques (seulement nombre de coups gagnants et d'aces); Numéro un mondial (simple), classement technique / Race; Classement au tableau des médailles des JO (athlète/pays)",Pas d'ITF ni Challenger <175 (175: dès 1/2). ATP/WTA 250-500: tableau final seulement.
Tennis de Table,21,Championnat de France de Tennis de Table; Championnat de France par Equipes de Pro A; Championnats d'Europe de Tennis de Table*; Championnats du monde de Tennis de Table*; Coupe du monde; Jeux Olympiques de Tennis de Table**; Jeux Européens de Tennis de Table; WTT Series - simple*** ; ...,Score final (set/match); Classement à la fin d'une compétition (équipe/pays); Classement à la fin d'une compétition (top 3 joueurs); Classement au tableau des médailles des JO,* comprend également le tournoi de qualification
Tir,3,Jeux Olympiques de Tir (Pistolet); Jeux Olympiques de Tir (Carabine); Jeux Olympiques de Tir (Fusil),Classement final compétition (top 3); Classement au tableau des médailles des JO,
Tir à l'Arc,1,Jeux Olympiques de Tir à l'Arc,Vainqueur du match (à partir des 1/4 de finale); Classement au tableau des médailles des JO,
Triathlon,1,Jeux Olympiques de Triathlon,Classement final d'une compétition (top 3); Classement au tableau des médailles des JO,
Voile,11,America's Cup; Louis Vuitton Series; Circuit Sail GP; Route du Rhum; Solitaire du Figaro; Transat Jacques Vabre; Vendée Globe; Volvo Ocean Race ; ...,"Record homologué d'une compétition (compétiteur/pays); Vainqueur d'une compétition, étape ou manche; Classement final (manche/étape, top 5); Classement d'une compétition top 5; Classement au tableau des médailles des JO",
Volleyball,31,Championnat d'Allemagne; Championnat de Belgique; Championnat de Grèce; Championnat de Pologne; Championnat de Russie; Championnat de Turquie; Championnat d'Espagne; Championnat d'Italie ; ...,Score du match; Nom des marqueurs (points/aces); Classement des équipes; Classement final attaques/défenses (top 1); Classement au tableau des médailles des JO,CEV Tour beach retiré (2026-167).
