sport,période,n,saisons,logloss_modèle,logloss_marché,logloss_mélange,brier_modèle,brier_marché,marge_moy
tennis_atp,dev,20471,2006-2014,0.5816872600602002,0.5531518516904732,0.5531204753395937,0.19931129444822937,0.18760326026381782,0.020991487929845776
tennis_atp,test,26451,2015-2026,0.6088704198613224,0.5791208377632139,0.5789934877392995,0.2110883235338008,0.19859238012009064,0.025396671613884137
tennis_wta,dev,11775,2011-2015,0.6022039412138249,0.5732473129597667,0.573432549145448,0.20827422635223586,0.19604456823626704,0.02515949845936302
tennis_wta,test,22272,2016-2026,0.6189570713123347,0.5889933049359369,0.5888522382301009,0.21536385410152384,0.20270133601134227,0.027223734848862563
nfl,dev,2045,2008-2015,0.6220297981825237,0.6065706446651858,0.6074151334953128,0.21677622734359353,0.2099121502538396,0.023817504732841353
nfl,test,2799,2016-2026,0.6351873901217744,0.6093708318002825,0.6097451948086794,0.22237234018452776,0.21098912682197907,0.03177723287917176
mlb,dev,14529,2010-2015,0.6833019771545675,0.6761982335688839,0.6766270428874303,0.24511703343322722,0.24165082923896739,0.04343032735854668
mlb,test,20293,2016-2024,0.6781672428372493,0.6707942667846224,0.6708329185656888,0.24260309968723423,0.23904554472370546,0.04009722422542834
ufc,dev,1881,2014-2017,0.6777995495547448,0.6176774767065121,0.6189406375932561,0.24244885501931024,0.21477185820160635,0.03164992097556656
ufc,test,3821,2018-2026,0.6788635029070893,0.6037127896919507,0.6038585203793632,0.24298922899206446,0.20872674327569363,0.041211216877570914
