sport,période,stratégie,n,ROI,IC_bas,IC_haut,p_ROI_le0,cote_moy
tennis_atp,dev,value modèle EV>=3%,13016,-0.05515619237861094,-0.07759383643208358,-0.030333055470190547,1.0,3.3644633527965584
tennis_atp,dev,value mélange EV>=3%,160,-0.029131250000000015,-0.1737096875,0.12276328124999993,0.645,2.05075
tennis_atp,dev,value modèle EV>=5%,11658,-0.053077457539886776,-0.07812526591182022,-0.02554786198318752,1.0,3.4809360096071367
tennis_atp,dev,value mélange EV>=5%,20,-0.4293,-0.7783,-0.07022500000000007,0.989,2.8040499999999997
tennis_atp,dev,value modèle EV>=10%,8822,-0.05832441623214691,-0.09463510258444797,-0.02524573792790753,1.0,3.784640444343686
tennis_atp,dev,value mélange EV>=10%,3,-0.3666666666666667,-1.0,0.8999999999999999,0.746,6.286666666666666
tennis_atp,dev,biais: tous les favoris (cote<2),20904,-0.008271335629544584,-0.017124851703023344,0.0011784012629161885,0.959,1.4468703597397625
tennis_atp,dev,biais: tous les outsiders (cote>=2),20038,-0.08312655953687993,-0.10752981834514422,-0.0590509157600559,1.0,4.99011078949995
tennis_atp,dev,biais: gros favoris (cote<1.3),6930,-0.004024675324675326,-0.01334845598845599,0.005606515151515149,0.8,1.161891341991342
tennis_atp,dev,biais: gros outsiders (cote>4),6882,-0.14741354257483288,-0.20627608253414703,-0.08627742662016859,1.0,9.236637605347283
tennis_atp,dev,sharp vs B365 EV>0%,1926,0.010789200415368662,-0.04953193146417444,0.07086240913811011,0.342,2.545106438213915
tennis_atp,dev,sharp vs B365 EV>2%,797,-0.026085319949811777,-0.11778952321204515,0.06747145545796739,0.719,2.980050188205772
tennis_atp,dev,sharp vs B365 EV>5%,279,-0.09333333333333332,-0.2537311827956989,0.07557347670250894,0.863,3.5188888888888887
tennis_atp,dev,sharp vs Max EV>0%,11320,0.028716431095406364,0.007120693462897527,0.0489767667844523,0.005,2.3079973498233213
tennis_atp,dev,sharp vs Max EV>2%,6246,0.03359109830291387,0.0002106948447006118,0.06492491194364393,0.023,2.658463016330452
tennis_atp,dev,sharp vs Max EV>5%,2601,0.05607458669742405,-0.0035965974625144135,0.11260476739715494,0.03,3.2999231064975003
tennis_atp,dev,sharp vs Avg EV>0%,755,-0.009046357615894033,-0.06583841059602649,0.049417549668874176,0.604,1.7648874172185431
tennis_atp,dev,sharp vs Avg EV>2%,165,-0.08654545454545454,-0.24691212121212122,0.08649999999999992,0.844,2.3208484848484843
tennis_atp,dev,sharp vs Avg EV>5%,33,-0.19181818181818186,-0.5700909090909091,0.20639393939393938,0.797,2.809090909090909
tennis_atp,test,value modèle EV>=3%,17203,-0.06985525780387142,-0.08984373365110736,-0.050007702144974714,1.0,2.996818578154973
tennis_atp,test,value mélange EV>=3%,23,-0.034782608695652174,-0.43229347826086956,0.34521739130434786,0.596,2.1056521739130436
tennis_atp,test,value modèle EV>=5%,15227,-0.07618572272936232,-0.09942652853483944,-0.05481508176265844,1.0,3.100152360937808
tennis_atp,test,value mélange EV>=5%,1,-1.0,-1.0,-1.0,1.0,2.5
tennis_atp,test,value modèle EV>=10%,11348,-0.08333979555868876,-0.10871651392315826,-0.05786991099753262,1.0,3.3166936905181528
tennis_atp,test,value mélange EV>=10%,0,,,,,
tennis_atp,test,biais: tous les favoris (cote<2),27181,-0.021377064861484125,-0.030032062838011846,-0.013272773260733603,1.0,1.4798914683050657
tennis_atp,test,biais: tous les outsiders (cote>=2),25721,-0.058930445939115894,-0.08048528439796276,-0.03757420978966603,1.0,4.219095680572295
tennis_atp,test,biais: gros favoris (cote<1.3),7546,-0.006423270606944078,-0.015842267426451104,0.002815597667638479,0.915,1.1682335011926848
tennis_atp,test,biais: gros outsiders (cote>4),7347,-0.1483285694841432,-0.20090795562814753,-0.09099077854906765,1.0,7.963055668980537
tennis_atp,test,sharp vs B365 EV>0%,3452,0.004684241019698738,-0.03119068655851679,0.04038861529548087,0.425,2.160573580533024
tennis_atp,test,sharp vs B365 EV>2%,1135,0.028264317180616744,-0.04366674008810571,0.10102731277533039,0.21,2.699198237885463
tennis_atp,test,sharp vs B365 EV>5%,307,-0.003811074918566746,-0.1599055374592834,0.1554063517915309,0.52,3.4912377850162866
tennis_atp,test,sharp vs Max EV>0%,20902,0.018761840972155774,0.003083460912831307,0.03320758779064204,0.01,2.1373122189264184
tennis_atp,test,sharp vs Max EV>2%,9719,0.050408478238501905,0.026541439448502933,0.07285770140961004,0.0,2.453782282127791
tennis_atp,test,sharp vs Max EV>5%,3192,0.08526629072681705,0.03470974310776943,0.13979495614035087,0.0,3.044505012531329
tennis_atp,test,sharp vs Avg EV>0%,992,0.0036391129032257987,-0.05459501008064516,0.055783266129032213,0.459,1.8681854838709677
tennis_atp,test,sharp vs Avg EV>2%,222,0.0317117117117117,-0.11581193693693695,0.175634009009009,0.332,2.400990990990991
tennis_atp,test,sharp vs Avg EV>5%,60,0.007166666666666651,-0.31193333333333334,0.30940833333333323,0.491,2.7950000000000004
tennis_wta,dev,value modèle EV>=3%,7667,-0.056844919786096265,-0.08793240511282119,-0.024921905569323086,1.0,3.03563975479327
tennis_wta,dev,value mélange EV>=3%,720,-0.03305555555555556,-0.09723090277777778,0.03417187499999998,0.821,1.9281944444444443
tennis_wta,dev,value modèle EV>=5%,6840,-0.058001461988304095,-0.09085679824561405,-0.02950840643274854,1.0,3.1412076023391813
tennis_wta,dev,value mélange EV>=5%,180,-0.13283333333333336,-0.2642944444444444,0.002340277777777773,0.973,2.096111111111111
tennis_wta,dev,value modèle EV>=10%,5177,-0.057002124782692676,-0.09547672397141203,-0.019035155495460712,1.0,3.388419934324898
tennis_wta,dev,value mélange EV>=10%,8,-0.03125000000000003,-0.7525,0.69,0.536,2.2662500000000003
tennis_wta,dev,biais: tous les favoris (cote<2),12073,-0.020776111985422018,-0.03333506584941606,-0.008873084568872694,1.0,1.464236726579972
tennis_wta,dev,biais: tous les outsiders (cote>=2),11477,-0.0577145595538904,-0.08874370480090617,-0.025508168510934934,1.0,4.253817199616624
tennis_wta,dev,biais: gros favoris (cote<1.3),3677,-0.010709817786238782,-0.02499326896926843,0.00238910796845253,0.945,1.1689556703834647
tennis_wta,dev,biais: gros outsiders (cote>4),3576,-0.13697706935123044,-0.2093021532438479,-0.05410451621923938,1.0,7.579807046979866
tennis_wta,dev,sharp vs B365 EV>0%,1289,-0.01938712179984482,-0.0844191233514352,0.04518153607447634,0.727,2.542723041117145
tennis_wta,dev,sharp vs B365 EV>2%,574,-0.001707317073170714,-0.10787325783972122,0.11187630662020906,0.538,3.066794425087108
tennis_wta,dev,sharp vs B365 EV>5%,208,0.006730769230769249,-0.21431850961538462,0.21327043269230772,0.472,3.417692307692308
tennis_wta,dev,sharp vs Max EV>0%,10755,0.028612738261273828,0.006380218503021851,0.04957224546722453,0.005,2.2357377963737797
tennis_wta,dev,sharp vs Max EV>2%,5869,0.04100357812233771,0.009306142443346398,0.07187101720906457,0.004,2.551853808144488
tennis_wta,dev,sharp vs Max EV>5%,2360,0.06167796610169492,0.0013457627118644126,0.12147595338983048,0.025,3.134796610169492
tennis_wta,dev,sharp vs Avg EV>0%,727,-0.06950481430536451,-0.1287977991746905,-0.005030605226960155,0.982,1.7990371389270974
tennis_wta,dev,sharp vs Avg EV>2%,185,-0.07081081081081081,-0.2169216216216216,0.07597567567567563,0.812,2.2305405405405403
tennis_wta,dev,sharp vs Avg EV>5%,35,-0.4431428571428571,-0.7549,-0.11128571428571442,0.996,2.939714285714286
tennis_wta,test,value modèle EV>=3%,14722,-0.07232169542181771,-0.09183115405515556,-0.051417589322102976,1.0,2.7616376850971336
tennis_wta,test,value mélange EV>=3%,352,-0.017329545454545455,-0.14970170454545453,0.12347727272727273,0.603,2.5184375
tennis_wta,test,value modèle EV>=5%,13128,-0.07257617306520416,-0.09471353214503352,-0.051603100243753815,1.0,2.838136045094455
tennis_wta,test,value mélange EV>=5%,74,-0.05783783783783785,-0.3362533783783783,0.27227702702702683,0.687,2.8155405405405403
tennis_wta,test,value modèle EV>=10%,9778,-0.09097463694006953,-0.11642465228063,-0.06451411331560647,1.0,3.028724688075271
tennis_wta,test,value mélange EV>=10%,1,-1.0,-1.0,-1.0,1.0,2.6
tennis_wta,test,biais: tous les favoris (cote<2),22979,-0.02034248661821663,-0.029998618303668567,-0.01042730318986901,1.0,1.5008781931328607
tennis_wta,test,biais: tous les outsiders (cote>=2),21565,-0.07574031996290286,-0.09657545791792256,-0.054653454671922105,1.0,3.7110790632970097
tennis_wta,test,biais: gros favoris (cote<1.3),5679,-0.003986617362211662,-0.015535217467864066,0.007033632681810172,0.742,1.1827909843282267
tennis_wta,test,biais: gros outsiders (cote>4),5379,-0.19483547127718906,-0.24533245026956685,-0.13740072504182932,1.0,6.723840862613869
tennis_wta,test,sharp vs B365 EV>0%,2915,-0.0013653516295025689,-0.038192795883361906,0.03707641509433963,0.524,2.136785591766724
tennis_wta,test,sharp vs B365 EV>2%,991,-0.01462159434914227,-0.08681634712411705,0.06402068617558024,0.642,2.587214934409687
tennis_wta,test,sharp vs B365 EV>5%,282,-0.057021276595744665,-0.2031241134751773,0.11153280141843969,0.76,3.16145390070922
tennis_wta,test,sharp vs Max EV>0%,17300,0.013259537572254334,-0.001097239884393061,0.02835950867052023,0.041,2.0950687861271677
tennis_wta,test,sharp vs Max EV>2%,8350,0.02342994011976048,-0.002132664670658684,0.047225149700598795,0.036,2.37614251497006
tennis_wta,test,sharp vs Max EV>5%,2814,-0.0026083866382373895,-0.05172094882729212,0.04535607675906183,0.557,2.8856076759061833
tennis_wta,test,sharp vs Avg EV>0%,836,0.019258373205741624,-0.045908492822966496,0.08192763157894735,0.292,1.8655023923444976
tennis_wta,test,sharp vs Avg EV>2%,206,0.03640776699029126,-0.10936529126213591,0.1855364077669903,0.306,2.30126213592233
tennis_wta,test,sharp vs Avg EV>5%,54,0.15833333333333335,-0.2031990740740741,0.5138009259259257,0.204,2.8520370370370363
