cote,tour,période,n,ROI,IC_bas,IC_haut,p_ROI_le0
Max,ATP,dev,5945,0.022582001682085788,-0.009443355761143815,0.053449621530698065,0.089
Max,ATP,test,9679,0.05159107345800185,0.025913782415538794,0.07966992974480834,0.0
Max,WTA,dev,6423,0.04512377393741243,0.01419558617468472,0.0738472676319477,0.003
Max,WTA,test,8344,0.017490412272291467,-0.006280321188878237,0.04258829697986577,0.081
Max,ATP+WTA,année 2010,1701,0.05499706055261611,-0.005059670781893005,0.10724603174603174,0.031
Max,ATP+WTA,année 2011,2362,0.04473327688399661,-0.0031852243861134628,0.09164415749364943,0.039
Max,ATP+WTA,année 2012,2555,0.040007827788649704,-0.007424755381604699,0.08815714285714285,0.051
Max,ATP+WTA,année 2013,2989,0.045687520910003346,0.00177885580461693,0.09506532285045166,0.024
Max,ATP+WTA,année 2014,2011,-0.0023321730482347026,-0.04978219791148682,0.04710840377921432,0.523
Max,ATP+WTA,année 2015,1567,-0.032093171665603056,-0.08366257179323547,0.02403509891512444,0.859
Max,ATP+WTA,année 2016,1505,0.0065514950166112975,-0.05232076411960133,0.0658327242524917,0.422
Max,ATP+WTA,année 2017,1401,0.03486081370449679,-0.02580335474660956,0.09748572448251248,0.132
Max,ATP+WTA,année 2018,2053,0.0357476863127131,-0.013984900146127618,0.08160277642474427,0.068
Max,ATP+WTA,année 2019,2045,0.024533007334963323,-0.023536674816625924,0.07146797066014669,0.171
Max,ATP+WTA,année 2020,1017,0.05702064896755163,-0.02247566371681415,0.14166568338249755,0.099
Max,ATP+WTA,année 2021,2687,0.08714551544473391,0.041621324897655375,0.1328174544101228,0.0
Max,ATP+WTA,année 2022,2170,0.059645161290322574,0.010436635944700465,0.11177718894009214,0.014
Max,ATP+WTA,année 2023,1727,0.0021482339316734205,-0.04414635205558772,0.05154849449913143,0.465
Max,ATP+WTA,année 2024,1108,0.05691335740072202,-0.00896773465703972,0.12066651624548735,0.036
Max,ATP+WTA,année 2025,968,0.02163223140495868,-0.053421229338842975,0.10069524793388429,0.313
Max,ATP+WTA,année 2026,525,-0.009885714285714269,-0.184462380952381,0.23754428571428568,0.579
Max,ATP+WTA,"test, surface Clay",5394,0.052925472747497225,0.01743353726362625,0.09142570448646645,0.001
Max,ATP+WTA,"test, surface Grass",2165,0.06634180138568128,0.017369399538106237,0.11728891454965358,0.004
Max,ATP+WTA,"test, surface Hard",10464,0.020659403669724772,-0.002013952599388382,0.04180404243119266,0.041
Max,ATP+WTA,"test, cotes (1.0, 1.5]",4236,0.03554296506137866,0.018437381964117087,0.05116383380547686,0.0
Max,ATP+WTA,"test, cotes (1.5, 2.0]",4854,0.028238566131025964,0.0052531417387721505,0.050698341573959624,0.007
Max,ATP+WTA,"test, cotes (2.0, 3.0]",5551,0.06702035669248783,0.033913799315438656,0.09980197261754639,0.0
Max,ATP+WTA,"test, cotes (3.0, 5.0]",2605,-0.02277159309021113,-0.08825393474088292,0.03931401151631477,0.763
Max,ATP+WTA,"test, cotes (5.0, 100.0]",777,0.05785070785070785,-0.15569465894465895,0.27996718146718136,0.336
B365,ATP,dev,1159,-0.02776013805004314,-0.09866768766177739,0.04832316652286453,0.756
B365,ATP,test,1203,0.029168744804655037,-0.04159933499584371,0.10285099750623443,0.203
B365,WTA,dev,862,-0.04256380510440833,-0.13377465197215777,0.044455046403712326,0.836
B365,WTA,test,1059,-0.030113314447592063,-0.10385080264400377,0.04088220018885743,0.796
Avg,ATP,dev,165,-0.08654545454545455,-0.24061363636363636,0.0757636363636363,0.845
Avg,ATP,test,231,0.014502164502164513,-0.12954220779220782,0.15140043290043287,0.451
Avg,WTA,dev,202,-0.07143564356435646,-0.21097524752475247,0.07812747524752474,0.842
Avg,WTA,test,216,0.03731481481481481,-0.11800115740740742,0.19610532407407405,0.289
