sélection,elo
Spain,2326.0
Argentina,2249.0
England,2197.0
France,2140.0
Colombia,2085.0
Brazil,2076.0
Portugal,2059.0
Netherlands,2044.0
Morocco,2028.0
Belgium,2025.0
Norway,2020.0
Mexico,2013.0
Switzerland,2002.0
Germany,1988.0
Japan,1972.0
Ecuador,1963.0
Croatia,1946.0
Italy,1927.0
Denmark,1927.0
Uruguay,1924.0
Turkey,1922.0
Australia,1906.0
Paraguay,1900.0
Austria,1888.0
Iran,1884.0
Nigeria,1881.0
Senegal,1879.0
Algeria,1856.0
Egypt,1856.0
Ivory Coast,1842.0
Canada,1842.0
South Korea,1841.0
Ukraine,1840.0
Russia,1839.0
United States,1839.0
Venezuela,1823.0
Scotland,1820.0
DR Congo,1809.0
Jersey,1805.0
Chile,1802.0
Greece,1802.0
Serbia,1801.0
Basque Country,1798.0
Sweden,1798.0
Northern Cyprus,1797.0
Panama,1774.0
Peru,1771.0
Kosovo,1771.0
Poland,1770.0
Hungary,1766.0
Republic of Ireland,1760.0
Czech Republic,1754.0
Guernsey,1746.0
Costa Rica,1745.0
Wales,1742.0
Slovenia,1737.0
Uzbekistan,1730.0
Slovakia,1724.0
Cameroon,1723.0
Jordan,1719.0
Bolivia,1716.0
Honduras,1711.0
Georgia,1709.0
Isle of Man,1709.0
Mali,1707.0
Saudi Arabia,1705.0
Israel,1700.0
Romania,1699.0
Cape Verde,1698.0
South Africa,1694.0
Ghana,1681.0
New Zealand,1676.0
Bosnia and Herzegovina,1675.0
Iraq,1673.0
Albania,1672.0
Haiti,1666.0
United Arab Emirates,1664.0
Northern Ireland,1661.0
Isle of Wight,1660.0
Tunisia,1660.0
Jamaica,1659.0
Burkina Faso,1651.0
North Macedonia,1648.0
Guatemala,1647.0
Ynys Môn,1640.0
Padania,1637.0
Iceland,1628.0
New Caledonia,1599.0
Curaçao,1599.0
Finland,1598.0
Syria,1598.0
Kernow,1594.0
Suriname,1591.0
Angola,1588.0
Palestine,1587.0
Tamil Eelam,1586.0
Belarus,1584.0
Réunion,1582.0
Guinea,1577.0
Chameria,1574.0
Oman,1573.0
Menorca,1566.0
Vietnam,1564.0
China,1552.0
Zambia,1549.0
Qatar,1542.0
Bahrain,1540.0
Benin,1538.0
Gambia,1538.0
Trinidad and Tobago,1537.0
Bulgaria,1536.0
Zanzibar,1534.0
Libya,1530.0
Galicia,1527.0
Thailand,1525.0
Gabon,1521.0
Guadeloupe,1519.0
Montenegro,1516.0
Uganda,1512.0
Greenland,1512.0
Madagascar,1509.0
Tahiti,1509.0
Kazakhstan,1506.0
Nicaragua,1504.0
Shetland,1503.0
Niger,1498.0
Togo,1495.0
El Salvador,1494.0
Mozambique,1494.0
North Korea,1492.0
Guyana,1491.0
Comoros,1485.0
Martinique,1479.0
Dominican Republic,1475.0
Zimbabwe,1475.0
West Papua,1474.0
Sudan,1474.0
Kuwait,1474.0
Åland Islands,1474.0
Kenya,1470.0
Sierra Leone,1470.0
Székely Land,1468.0
Indonesia,1468.0
Gozo,1468.0
Hmong,1461.0
Luxembourg,1458.0
Sápmi,1457.0
East Turkestan,1455.0
Mayotte,1455.0
Papua New Guinea,1453.0
Kyrgyzstan,1452.0
Rwanda,1447.0
Rouet-Provence,1444.0
Mauritania,1444.0
Equatorial Guinea,1443.0
Lebanon,1441.0
Faroe Islands,1441.0
Vanuatu,1441.0
Malaysia,1440.0
Malawi,1437.0
Tajikistan,1436.0
Liberia,1436.0
Western Isles,1436.0
Armenia,1427.0
Estonia,1423.0
Fiji,1423.0
Namibia,1422.0
French Guiana,1421.0
Lesotho,1417.0
Marshall Islands,1417.0
Tanzania,1416.0
Cuba,1413.0
Saint Barthélemy,1413.0
Canton Ticino,1404.0
Two Sicilies,1403.0
Orkney,1397.0
Ethiopia,1391.0
Azerbaijan,1390.0
Botswana,1386.0
Burundi,1386.0
Turkmenistan,1386.0
Solomon Islands,1370.0
Cyprus,1370.0
Raetia,1367.0
Central African Republic,1361.0
Guinea-Bissau,1360.0
Puerto Rico,1353.0
Saint Vincent and the Grenadines,1352.0
Malta,1349.0
Saint Helena,1349.0
Hitra,1344.0
Bermuda,1336.0
Lithuania,1333.0
Singapore,1331.0
Latvia,1330.0
Congo,1328.0
Moldova,1322.0
Eswatini,1315.0
Hong Kong,1312.0
Saint Martin,1310.0
Yemen,1306.0
Sint Maarten,1297.0
Philippines,1290.0
Belize,1287.0
Grenada,1286.0
South Sudan,1269.0
Tibet,1268.0
Saint Kitts and Nevis,1264.0
Samoa,1249.0
Chad,1245.0
India,1236.0
Montserrat,1229.0
Tuvalu,1218.0
Saint Lucia,1215.0
Falkland Islands,1215.0
Mauritius,1207.0
Aruba,1207.0
Frøya,1194.0
São Tomé and Príncipe,1180.0
Myanmar,1176.0
Afghanistan,1172.0
Dominica,1163.0
Cook Islands,1147.0
Andorra,1142.0
Bangladesh,1131.0
Gibraltar,1127.0
Barbados,1122.0
Pakistan,1120.0
Bonaire,1116.0
Antigua and Barbuda,1103.0
Nepal,1102.0
Djibouti,1074.0
Tonga,1072.0
Cambodia,1071.0
Somalia,1060.0
Taiwan,1058.0
Cayman Islands,1038.0
British Virgin Islands,1022.0
Sri Lanka,1011.0
Seychelles,1010.0
Maldives,996.0
Mongolia,980.0
Turks and Caicos Islands,976.0
Guam,975.0
Liechtenstein,974.0
Northern Mariana Islands,969.0
United States Virgin Islands,965.0
Bahamas,944.0
American Samoa,931.0
Laos,916.0
San Marino,907.0
Anguilla,892.0
Brunei,890.0
Timor-Leste,888.0
Bhutan,859.0
Macau,838.0
